block_index,file,block_in_file,start_s,label,label_name,predicted_label,predicted_name,quality_weight,probe_z,flagged,lean
0,baseline,0,0.0,0,control,0,control,0.4688,-1.24,0,
1,baseline,1,10.0,0,control,0,control,0.4531,1.42,0,
2,baseline,2,20.0,0,control,0,control,0.5312,-1.8,0,
3,baseline,3,30.0,0,control,0,control,0.5,1.16,0,
4,baseline,4,40.0,0,control,0,control,0.4688,2.3,1,toward-other-regime
5,baseline,5,50.0,0,control,0,control,0.5312,0.22,0,
6,baseline,6,60.0,0,control,0,control,0.5781,2.55,1,toward-other-regime
7,baseline,7,70.0,0,control,0,control,0.5625,-1.54,0,
8,baseline,8,80.0,0,control,0,control,0.6562,-0.76,0,
9,baseline,9,90.0,0,control,0,control,0.5,1.35,0,
10,baseline,10,100.0,0,control,0,control,0.5625,-0.48,0,
11,baseline,11,110.0,0,control,0,control,0.5938,0.52,0,
12,baseline,12,120.0,0,control,0,control,0.6562,1.83,0,
13,baseline,13,130.0,0,control,0,control,1.0,0.06,0,
14,baseline,14,140.0,0,control,0,control,1.0,0.29,0,
15,baseline,15,150.0,0,control,0,control,0.8906,0.73,0,
16,baseline,16,160.0,0,control,0,control,0.5156,-0.03,0,
17,baseline,17,170.0,0,control,0,control,0.5,-0.61,0,
18,baseline,18,180.0,0,control,0,control,0.4688,-1.33,0,
19,baseline,19,190.0,0,control,0,control,0.4219,0.88,0,
20,baseline,20,200.0,0,control,0,control,1.0,0.48,0,
21,baseline,21,210.0,0,control,0,control,0.9062,5.45,1,toward-other-regime
22,baseline,22,220.0,0,control,0,control,0.5781,-0.4,0,
23,baseline,23,230.0,0,control,0,control,0.4531,-0.55,0,
24,drugs,0,0.0,1,drug,1,drug,0.5469,-1.8,0,
25,drugs,1,10.0,1,drug,1,drug,1.0,-0.24,0,
26,drugs,2,20.0,1,drug,1,drug,0.7031,-1.2,0,
27,drugs,3,30.0,1,drug,1,drug,0.5156,0.19,0,
28,drugs,4,40.0,1,drug,1,drug,0.4844,0.33,0,
29,drugs,5,50.0,1,drug,1,drug,1.0,-1.46,0,
30,drugs,6,60.0,1,drug,1,drug,0.9531,-13.77,1,toward-other-regime
31,drugs,7,70.0,1,drug,1,drug,0.5,1.39,0,
32,drugs,8,80.0,1,drug,1,drug,0.4531,1.18,0,
33,drugs,9,90.0,1,drug,1,drug,1.0,-0.16,0,
34,drugs,10,100.0,1,drug,1,drug,1.0,0.67,0,
35,drugs,11,110.0,1,drug,1,drug,0.6094,0.87,0,
36,drugs,12,120.0,1,drug,1,drug,0.5781,1.17,0,
37,drugs,13,130.0,1,drug,1,drug,0.5,0.78,0,
38,drugs,14,140.0,1,drug,1,drug,0.5,-1.71,0,
39,drugs,15,150.0,1,drug,1,drug,1.0,-9.45,1,toward-other-regime
40,drugs,16,160.0,1,drug,1,drug,0.7812,-1.03,0,
41,drugs,17,170.0,1,drug,1,drug,0.5,-0.33,0,
42,drugs,18,180.0,1,drug,1,drug,0.5,-1.29,0,
43,drugs,19,190.0,1,drug,1,drug,0.5156,1.58,0,
44,drugs,20,200.0,1,drug,1,drug,1.0,-0.64,0,
45,drugs,21,210.0,1,drug,1,drug,0.875,-6.87,1,toward-other-regime
46,drugs,22,220.0,1,drug,1,drug,1.0,-0.31,0,
47,drugs,23,230.0,1,drug,1,drug,0.5,0.11,0,
