run_id,alpha,reservoir_seed,split_type,ridge_weighting,n_train,n_test,accuracy
interleaved_alpha0.005_seed7,0.005,7,interleaved,quality-weighted,32,16,1.0
interleaved_alpha0.005_seed11,0.005,11,interleaved,quality-weighted,32,16,1.0
interleaved_alpha0.005_seed22,0.005,22,interleaved,quality-weighted,32,16,1.0
interleaved_alpha0.01_seed7,0.01,7,interleaved,quality-weighted,32,16,1.0
interleaved_alpha0.01_seed11,0.01,11,interleaved,quality-weighted,32,16,1.0
interleaved_alpha0.01_seed22,0.01,22,interleaved,quality-weighted,32,16,1.0
interleaved_alpha0.02_seed7,0.02,7,interleaved,quality-weighted,32,16,1.0
interleaved_alpha0.02_seed11,0.02,11,interleaved,quality-weighted,32,16,1.0
interleaved_alpha0.02_seed22,0.02,22,interleaved,quality-weighted,32,16,1.0
chronological_alpha0.005_seed7,0.005,7,chronological,quality-weighted,32,16,1.0
chronological_alpha0.005_seed11,0.005,11,chronological,quality-weighted,32,16,1.0
chronological_alpha0.005_seed22,0.005,22,chronological,quality-weighted,32,16,1.0
shuffle_rep00,0.005,11,label-shuffle,unweighted,32,16,0.375
shuffle_rep01,0.005,11,label-shuffle,unweighted,32,16,0.5
shuffle_rep02,0.005,11,label-shuffle,unweighted,32,16,0.75
shuffle_rep03,0.005,11,label-shuffle,unweighted,32,16,0.375
shuffle_rep04,0.005,11,label-shuffle,unweighted,32,16,0.625
shuffle_rep05,0.005,11,label-shuffle,unweighted,32,16,0.5625
shuffle_rep06,0.005,11,label-shuffle,unweighted,32,16,0.6875
shuffle_rep07,0.005,11,label-shuffle,unweighted,32,16,0.125
shuffle_rep08,0.005,11,label-shuffle,unweighted,32,16,0.4375
shuffle_rep09,0.005,11,label-shuffle,unweighted,32,16,0.5
shuffle_rep10,0.005,11,label-shuffle,unweighted,32,16,0.375
shuffle_rep11,0.005,11,label-shuffle,unweighted,32,16,0.4375
shuffle_rep12,0.005,11,label-shuffle,unweighted,32,16,0.5
shuffle_rep13,0.005,11,label-shuffle,unweighted,32,16,0.625
shuffle_rep14,0.005,11,label-shuffle,unweighted,32,16,0.375
shuffle_rep15,0.005,11,label-shuffle,unweighted,32,16,0.5
shuffle_rep16,0.005,11,label-shuffle,unweighted,32,16,0.4375
shuffle_rep17,0.005,11,label-shuffle,unweighted,32,16,0.5
shuffle_rep18,0.005,11,label-shuffle,unweighted,32,16,0.6875
shuffle_rep19,0.005,11,label-shuffle,unweighted,32,16,0.625
