experiment,culture,n_shared_units,n_patterns,train_d1_test_d3,train_d3_test_d1,chance
two_pattern,1,125,4,0.205,0.2981,0.25
two_pattern,2,163,4,0.5419,0.4181,0.25
two_pattern,3,156,4,0.3412,0.2956,0.25
two_pattern,4,160,4,0.2562,0.2506,0.25
two_pattern,5,149,2,0.575,0.6837,0.5
two_pattern,6,154,4,0.4231,0.4356,0.25
two_pattern,7,145,2,0.9,0.9125,0.5
two_pattern,8,148,3,0.4625,0.5642,0.3333
two_pattern,9,136,3,0.5283,0.325,0.3333
two_pattern,10,182,4,0.3656,0.4994,0.25
six_pattern,1,164,6,0.2208,0.2437,0.1667
six_pattern,2,182,6,0.3738,0.2196,0.1667
six_pattern,3,103,6,0.1721,0.2833,0.1667
six_pattern,4,108,6,0.1913,0.2433,0.1667
six_pattern,5,128,6,0.3658,0.26,0.1667
six_pattern,6,146,6,0.4889,0.4358,0.1667
six_pattern,9,143,6,0.1663,0.1642,0.1667
six_pattern,10,120,6,0.3075,0.2321,0.1667
