experiment,culture,accuracy,sd,chance,n_days,n_trials
two_pattern,1,0.9906,0.002,0.3333,3,4800
two_pattern,2,0.9055,0.0091,0.3333,3,4400
two_pattern,3,0.9615,0.0026,0.3333,3,4800
two_pattern,4,0.9727,0.005,0.3333,3,4800
two_pattern,5,0.9879,0.0008,0.5,2,2400
two_pattern,6,0.8333,0.0058,0.3333,3,4800
two_pattern,7,0.8903,0.0063,0.3333,3,3600
two_pattern,8,0.9078,0.0083,0.3333,3,3600
two_pattern,9,0.925,0.0038,0.3333,3,4400
two_pattern,10,0.9925,0.0026,0.3333,3,4800
six_pattern,1,0.9811,0.0024,0.3333,3,7200
six_pattern,2,0.8096,0.0079,0.3333,3,7200
six_pattern,3,0.9533,0.0056,0.3333,3,7200
six_pattern,4,0.9318,0.0081,0.3333,3,7200
six_pattern,5,0.9184,0.0085,0.3333,3,7080
six_pattern,6,0.8963,0.0088,0.3333,3,7080
six_pattern,7,0.9231,0.0091,0.5,2,4800
six_pattern,8,0.9615,0.0048,0.5,2,4800
six_pattern,9,0.9956,0.0014,0.5,2,4800
six_pattern,10,0.9803,0.0045,0.3333,3,7200
