experiment,culture,day,n_patterns,window,scheme,accuracy,sd,chance,n_trials,n_units
two_pattern,1,1,4,paper,strat5fold,0.9912,0.0046,0.25,1600,160
two_pattern,1,1,4,paper,block60_20,0.985,0.0094,0.25,1600,160
two_pattern,1,1,4,noblank,strat5fold,0.9994,0.0013,0.25,1600,160
two_pattern,1,1,4,noblank,block60_20,1.0,0.0,0.25,1600,160
two_pattern,1,1,4,artifact,strat5fold,1.0,0.0,0.25,1600,160
two_pattern,1,1,4,artifact,block60_20,1.0,0.0,0.25,1600,160
two_pattern,1,1,4,early,strat5fold,1.0,0.0,0.25,1600,160
two_pattern,1,1,4,early,block60_20,1.0,0.0,0.25,1600,160
two_pattern,1,1,4,wide,strat5fold,0.9875,0.0044,0.25,1600,160
two_pattern,1,1,4,wide,block60_20,0.9725,0.0146,0.25,1600,160
two_pattern,1,1,4,vwide,strat5fold,0.9831,0.0042,0.25,1600,160
two_pattern,1,1,4,vwide,block60_20,0.9725,0.0146,0.25,1600,160
two_pattern,1,1,2,paper,binary_L_vs_X,0.9988,0.0015,0.5,1600,160
two_pattern,1,2,4,paper,strat5fold,0.9994,0.0013,0.25,1600,158
two_pattern,1,2,4,paper,block60_20,1.0,0.0,0.25,1600,158
two_pattern,1,2,4,noblank,strat5fold,1.0,0.0,0.25,1600,158
two_pattern,1,2,4,noblank,block60_20,1.0,0.0,0.25,1600,158
two_pattern,1,2,4,artifact,strat5fold,0.9381,0.0091,0.25,1600,158
two_pattern,1,2,4,artifact,block60_20,0.92,0.0683,0.25,1600,158
two_pattern,1,2,4,early,strat5fold,1.0,0.0,0.25,1600,158
two_pattern,1,2,4,early,block60_20,1.0,0.0,0.25,1600,158
two_pattern,1,2,4,wide,strat5fold,0.9988,0.0015,0.25,1600,158
two_pattern,1,2,4,wide,block60_20,0.995,0.0061,0.25,1600,158
two_pattern,1,2,4,vwide,strat5fold,0.9981,0.0025,0.25,1600,158
two_pattern,1,2,4,vwide,block60_20,0.9975,0.005,0.25,1600,158
two_pattern,1,2,2,paper,binary_L_vs_X,0.9981,0.0015,0.5,1600,158
two_pattern,1,3,4,paper,strat5fold,0.9944,0.0023,0.25,1600,143
two_pattern,1,3,4,paper,block60_20,0.9925,0.01,0.25,1600,143
two_pattern,1,3,4,noblank,strat5fold,0.9975,0.0023,0.25,1600,143
two_pattern,1,3,4,noblank,block60_20,1.0,0.0,0.25,1600,143
two_pattern,1,3,4,artifact,strat5fold,0.9644,0.0102,0.25,1600,143
two_pattern,1,3,4,artifact,block60_20,0.98,0.017,0.25,1600,143
two_pattern,1,3,4,early,strat5fold,0.9975,0.0023,0.25,1600,143
two_pattern,1,3,4,early,block60_20,1.0,0.0,0.25,1600,143
two_pattern,1,3,4,wide,strat5fold,0.9919,0.0032,0.25,1600,143
two_pattern,1,3,4,wide,block60_20,0.995,0.0061,0.25,1600,143
two_pattern,1,3,4,vwide,strat5fold,0.9969,0.004,0.25,1600,143
two_pattern,1,3,4,vwide,block60_20,0.995,0.01,0.25,1600,143
two_pattern,1,3,2,paper,binary_L_vs_X,0.9969,0.0028,0.5,1600,143
two_pattern,2,1,4,paper,strat5fold,0.9988,0.0025,0.25,1600,182
two_pattern,2,1,4,paper,block60_20,1.0,0.0,0.25,1600,182
two_pattern,2,1,4,noblank,strat5fold,1.0,0.0,0.25,1600,182
two_pattern,2,1,4,noblank,block60_20,1.0,0.0,0.25,1600,182
two_pattern,2,1,4,artifact,strat5fold,1.0,0.0,0.25,1600,182
two_pattern,2,1,4,artifact,block60_20,1.0,0.0,0.25,1600,182
two_pattern,2,1,4,early,strat5fold,1.0,0.0,0.25,1600,182
two_pattern,2,1,4,early,block60_20,1.0,0.0,0.25,1600,182
two_pattern,2,1,4,wide,strat5fold,1.0,0.0,0.25,1600,182
two_pattern,2,1,4,wide,block60_20,1.0,0.0,0.25,1600,182
two_pattern,2,1,4,vwide,strat5fold,0.9988,0.0025,0.25,1600,182
two_pattern,2,1,4,vwide,block60_20,1.0,0.0,0.25,1600,182
two_pattern,2,1,2,paper,binary_L_vs_X,0.9981,0.0025,0.5,1600,182
two_pattern,2,2,3,paper,strat5fold,0.9992,0.0017,0.3333,1200,174
two_pattern,2,2,3,paper,block60_20,0.9967,0.0067,0.3333,1200,174
two_pattern,2,2,3,noblank,strat5fold,1.0,0.0,0.3333,1200,174
two_pattern,2,2,3,noblank,block60_20,1.0,0.0,0.3333,1200,174
two_pattern,2,2,3,artifact,strat5fold,1.0,0.0,0.3333,1200,174
two_pattern,2,2,3,artifact,block60_20,1.0,0.0,0.3333,1200,174
two_pattern,2,2,3,early,strat5fold,1.0,0.0,0.3333,1200,174
two_pattern,2,2,3,early,block60_20,1.0,0.0,0.3333,1200,174
two_pattern,2,2,3,wide,strat5fold,0.9992,0.0017,0.3333,1200,174
two_pattern,2,2,3,wide,block60_20,0.9967,0.0067,0.3333,1200,174
two_pattern,2,2,3,vwide,strat5fold,0.9992,0.0017,0.3333,1200,174
two_pattern,2,2,3,vwide,block60_20,0.9967,0.0067,0.3333,1200,174
two_pattern,2,2,2,paper,binary_L_vs_X,0.9983,0.002,0.5,1200,174
two_pattern,2,3,4,paper,strat5fold,0.9988,0.0015,0.25,1600,183
two_pattern,2,3,4,paper,block60_20,0.995,0.0061,0.25,1600,183
two_pattern,2,3,4,noblank,strat5fold,1.0,0.0,0.25,1600,183
two_pattern,2,3,4,noblank,block60_20,1.0,0.0,0.25,1600,183
two_pattern,2,3,4,artifact,strat5fold,1.0,0.0,0.25,1600,183
two_pattern,2,3,4,artifact,block60_20,1.0,0.0,0.25,1600,183
two_pattern,2,3,4,early,strat5fold,1.0,0.0,0.25,1600,183
two_pattern,2,3,4,early,block60_20,1.0,0.0,0.25,1600,183
two_pattern,2,3,4,wide,strat5fold,0.9963,0.0012,0.25,1600,183
two_pattern,2,3,4,wide,block60_20,0.995,0.0061,0.25,1600,183
two_pattern,2,3,4,vwide,strat5fold,0.9963,0.0023,0.25,1600,183
two_pattern,2,3,4,vwide,block60_20,0.9875,0.0079,0.25,1600,183
two_pattern,2,3,2,paper,binary_L_vs_X,1.0,0.0,0.5,1600,183
two_pattern,3,1,4,paper,strat5fold,0.9994,0.0013,0.25,1600,189
two_pattern,3,1,4,paper,block60_20,1.0,0.0,0.25,1600,189
two_pattern,3,1,4,noblank,strat5fold,1.0,0.0,0.25,1600,189
two_pattern,3,1,4,noblank,block60_20,1.0,0.0,0.25,1600,189
two_pattern,3,1,4,artifact,strat5fold,0.9869,0.007,0.25,1600,189
two_pattern,3,1,4,artifact,block60_20,0.975,0.0316,0.25,1600,189
two_pattern,3,1,4,early,strat5fold,1.0,0.0,0.25,1600,189
two_pattern,3,1,4,early,block60_20,1.0,0.0,0.25,1600,189
two_pattern,3,1,4,wide,strat5fold,0.9988,0.0025,0.25,1600,189
two_pattern,3,1,4,wide,block60_20,1.0,0.0,0.25,1600,189
two_pattern,3,1,4,vwide,strat5fold,1.0,0.0,0.25,1600,189
two_pattern,3,1,4,vwide,block60_20,1.0,0.0,0.25,1600,189
two_pattern,3,1,2,paper,binary_L_vs_X,1.0,0.0,0.5,1600,189
two_pattern,3,2,4,paper,strat5fold,0.9994,0.0013,0.25,1600,176
two_pattern,3,2,4,paper,block60_20,1.0,0.0,0.25,1600,176
two_pattern,3,2,4,noblank,strat5fold,1.0,0.0,0.25,1600,176
two_pattern,3,2,4,noblank,block60_20,1.0,0.0,0.25,1600,176
two_pattern,3,2,4,artifact,strat5fold,0.9669,0.0102,0.25,1600,176
two_pattern,3,2,4,artifact,block60_20,0.935,0.0267,0.25,1600,176
two_pattern,3,2,4,early,strat5fold,1.0,0.0,0.25,1600,176
two_pattern,3,2,4,early,block60_20,1.0,0.0,0.25,1600,176
two_pattern,3,2,4,wide,strat5fold,1.0,0.0,0.25,1600,176
two_pattern,3,2,4,wide,block60_20,1.0,0.0,0.25,1600,176
two_pattern,3,2,4,vwide,strat5fold,1.0,0.0,0.25,1600,176
two_pattern,3,2,4,vwide,block60_20,1.0,0.0,0.25,1600,176
two_pattern,3,2,2,paper,binary_L_vs_X,0.9994,0.0013,0.5,1600,176
two_pattern,3,3,4,paper,strat5fold,0.9994,0.0013,0.25,1600,183
two_pattern,3,3,4,paper,block60_20,0.9975,0.005,0.25,1600,183
two_pattern,3,3,4,noblank,strat5fold,1.0,0.0,0.25,1600,183
two_pattern,3,3,4,noblank,block60_20,1.0,0.0,0.25,1600,183
two_pattern,3,3,4,artifact,strat5fold,1.0,0.0,0.25,1600,183
two_pattern,3,3,4,artifact,block60_20,1.0,0.0,0.25,1600,183
two_pattern,3,3,4,early,strat5fold,1.0,0.0,0.25,1600,183
two_pattern,3,3,4,early,block60_20,1.0,0.0,0.25,1600,183
two_pattern,3,3,4,wide,strat5fold,0.9994,0.0013,0.25,1600,183
two_pattern,3,3,4,wide,block60_20,1.0,0.0,0.25,1600,183
two_pattern,3,3,4,vwide,strat5fold,1.0,0.0,0.25,1600,183
two_pattern,3,3,4,vwide,block60_20,1.0,0.0,0.25,1600,183
two_pattern,3,3,2,paper,binary_L_vs_X,1.0,0.0,0.5,1600,183
two_pattern,4,1,4,paper,strat5fold,0.9994,0.0013,0.25,1600,189
two_pattern,4,1,4,paper,block60_20,1.0,0.0,0.25,1600,189
two_pattern,4,1,4,noblank,strat5fold,1.0,0.0,0.25,1600,189
two_pattern,4,1,4,noblank,block60_20,1.0,0.0,0.25,1600,189
two_pattern,4,1,4,artifact,strat5fold,0.9944,0.0036,0.25,1600,189
two_pattern,4,1,4,artifact,block60_20,0.9975,0.005,0.25,1600,189
two_pattern,4,1,4,early,strat5fold,1.0,0.0,0.25,1600,189
two_pattern,4,1,4,early,block60_20,1.0,0.0,0.25,1600,189
two_pattern,4,1,4,wide,strat5fold,0.9988,0.0025,0.25,1600,189
two_pattern,4,1,4,wide,block60_20,1.0,0.0,0.25,1600,189
two_pattern,4,1,4,vwide,strat5fold,1.0,0.0,0.25,1600,189
two_pattern,4,1,4,vwide,block60_20,1.0,0.0,0.25,1600,189
two_pattern,4,1,2,paper,binary_L_vs_X,1.0,0.0,0.5,1600,189
two_pattern,4,2,4,paper,strat5fold,0.9906,0.004,0.25,1600,206
two_pattern,4,2,4,paper,block60_20,0.93,0.0801,0.25,1600,206
two_pattern,4,2,4,noblank,strat5fold,1.0,0.0,0.25,1600,206
two_pattern,4,2,4,noblank,block60_20,1.0,0.0,0.25,1600,206
two_pattern,4,2,4,artifact,strat5fold,0.9994,0.0013,0.25,1600,206
two_pattern,4,2,4,artifact,block60_20,1.0,0.0,0.25,1600,206
two_pattern,4,2,4,early,strat5fold,1.0,0.0,0.25,1600,206
two_pattern,4,2,4,early,block60_20,0.955,0.09,0.25,1600,206
two_pattern,4,2,4,wide,strat5fold,0.9894,0.0076,0.25,1600,206
two_pattern,4,2,4,wide,block60_20,0.9275,0.0776,0.25,1600,206
two_pattern,4,2,4,vwide,strat5fold,0.9912,0.005,0.25,1600,206
two_pattern,4,2,4,vwide,block60_20,0.9275,0.0768,0.25,1600,206
two_pattern,4,2,2,paper,binary_L_vs_X,0.9963,0.0023,0.5,1600,206
two_pattern,4,3,4,paper,strat5fold,0.9875,0.002,0.25,1600,200
two_pattern,4,3,4,paper,block60_20,0.9675,0.017,0.25,1600,200
two_pattern,4,3,4,noblank,strat5fold,1.0,0.0,0.25,1600,200
two_pattern,4,3,4,noblank,block60_20,1.0,0.0,0.25,1600,200
two_pattern,4,3,4,artifact,strat5fold,0.9994,0.0013,0.25,1600,200
two_pattern,4,3,4,artifact,block60_20,1.0,0.0,0.25,1600,200
two_pattern,4,3,4,early,strat5fold,0.9994,0.0013,0.25,1600,200
two_pattern,4,3,4,early,block60_20,1.0,0.0,0.25,1600,200
two_pattern,4,3,4,wide,strat5fold,0.9812,0.0066,0.25,1600,200
two_pattern,4,3,4,wide,block60_20,0.9475,0.0215,0.25,1600,200
two_pattern,4,3,4,vwide,strat5fold,0.9894,0.0083,0.25,1600,200
two_pattern,4,3,4,vwide,block60_20,0.965,0.0146,0.25,1600,200
two_pattern,4,3,2,paper,binary_L_vs_X,0.98,0.0064,0.5,1600,200
two_pattern,5,1,4,paper,strat5fold,0.8094,0.0201,0.25,1600,185
two_pattern,5,1,4,paper,block60_20,0.7325,0.0127,0.25,1600,185
two_pattern,5,1,4,noblank,strat5fold,0.9812,0.0028,0.25,1600,185
two_pattern,5,1,4,noblank,block60_20,0.9725,0.005,0.25,1600,185
two_pattern,5,1,4,artifact,strat5fold,0.9806,0.0046,0.25,1600,185
two_pattern,5,1,4,artifact,block60_20,0.98,0.017,0.25,1600,185
two_pattern,5,1,4,early,strat5fold,0.975,0.0034,0.25,1600,185
two_pattern,5,1,4,early,block60_20,0.97,0.0061,0.25,1600,185
two_pattern,5,1,4,wide,strat5fold,0.8125,0.0199,0.25,1600,185
two_pattern,5,1,4,wide,block60_20,0.72,0.0302,0.25,1600,185
two_pattern,5,1,4,vwide,strat5fold,0.8213,0.0184,0.25,1600,185
two_pattern,5,1,4,vwide,block60_20,0.7325,0.0187,0.25,1600,185
two_pattern,5,1,2,paper,binary_L_vs_X,0.9569,0.0091,0.5,1600,185
two_pattern,5,3,2,paper,strat5fold,0.9775,0.0122,0.5,800,173
two_pattern,5,3,2,paper,block60_20,0.955,0.01,0.5,800,173
two_pattern,5,3,2,noblank,strat5fold,1.0,0.0,0.5,800,173
two_pattern,5,3,2,noblank,block60_20,1.0,0.0,0.5,800,173
two_pattern,5,3,2,artifact,strat5fold,1.0,0.0,0.5,800,173
two_pattern,5,3,2,artifact,block60_20,1.0,0.0,0.5,800,173
two_pattern,5,3,2,early,strat5fold,1.0,0.0,0.5,800,173
two_pattern,5,3,2,early,block60_20,1.0,0.0,0.5,800,173
two_pattern,5,3,2,wide,strat5fold,0.9775,0.014,0.5,800,173
two_pattern,5,3,2,wide,block60_20,0.965,0.0122,0.5,800,173
two_pattern,5,3,2,vwide,strat5fold,0.9838,0.0085,0.5,800,173
two_pattern,5,3,2,vwide,block60_20,0.96,0.0339,0.5,800,173
two_pattern,5,3,2,paper,binary_L_vs_X,0.9775,0.0122,0.5,800,173
two_pattern,6,1,4,paper,strat5fold,0.885,0.0124,0.25,1600,168
two_pattern,6,1,4,paper,block60_20,0.8325,0.06,0.25,1600,168
two_pattern,6,1,4,noblank,strat5fold,0.9994,0.0013,0.25,1600,168
two_pattern,6,1,4,noblank,block60_20,0.995,0.0061,0.25,1600,168
two_pattern,6,1,4,artifact,strat5fold,0.9981,0.0025,0.25,1600,168
two_pattern,6,1,4,artifact,block60_20,0.9975,0.005,0.25,1600,168
two_pattern,6,1,4,early,strat5fold,0.9988,0.0025,0.25,1600,168
two_pattern,6,1,4,early,block60_20,0.995,0.0061,0.25,1600,168
two_pattern,6,1,4,wide,strat5fold,0.9031,0.0138,0.25,1600,168
two_pattern,6,1,4,wide,block60_20,0.84,0.0483,0.25,1600,168
two_pattern,6,1,4,vwide,strat5fold,0.915,0.0118,0.25,1600,168
two_pattern,6,1,4,vwide,block60_20,0.8275,0.0348,0.25,1600,168
two_pattern,6,1,2,paper,binary_L_vs_X,0.9963,0.0023,0.5,1600,168
two_pattern,6,2,4,paper,strat5fold,0.9013,0.0124,0.25,1600,164
two_pattern,6,2,4,paper,block60_20,0.865,0.0544,0.25,1600,164
two_pattern,6,2,4,noblank,strat5fold,0.9994,0.0013,0.25,1600,164
two_pattern,6,2,4,noblank,block60_20,1.0,0.0,0.25,1600,164
two_pattern,6,2,4,artifact,strat5fold,0.9881,0.0046,0.25,1600,164
two_pattern,6,2,4,artifact,block60_20,0.9875,0.0194,0.25,1600,164
two_pattern,6,2,4,early,strat5fold,0.9994,0.0013,0.25,1600,164
two_pattern,6,2,4,early,block60_20,1.0,0.0,0.25,1600,164
two_pattern,6,2,4,wide,strat5fold,0.9569,0.0152,0.25,1600,164
two_pattern,6,2,4,wide,block60_20,0.91,0.0242,0.25,1600,164
two_pattern,6,2,4,vwide,strat5fold,0.9625,0.0081,0.25,1600,164
two_pattern,6,2,4,vwide,block60_20,0.9325,0.0302,0.25,1600,164
two_pattern,6,2,2,paper,binary_L_vs_X,0.9475,0.0041,0.5,1600,164
two_pattern,6,3,4,paper,strat5fold,0.88,0.0186,0.25,1600,226
two_pattern,6,3,4,paper,block60_20,0.8275,0.0374,0.25,1600,226
two_pattern,6,3,4,noblank,strat5fold,0.9981,0.0025,0.25,1600,226
two_pattern,6,3,4,noblank,block60_20,1.0,0.0,0.25,1600,226
two_pattern,6,3,4,artifact,strat5fold,0.9944,0.0031,0.25,1600,226
two_pattern,6,3,4,artifact,block60_20,0.9975,0.005,0.25,1600,226
two_pattern,6,3,4,early,strat5fold,0.9994,0.0013,0.25,1600,226
two_pattern,6,3,4,early,block60_20,1.0,0.0,0.25,1600,226
two_pattern,6,3,4,wide,strat5fold,0.9175,0.0085,0.25,1600,226
two_pattern,6,3,4,wide,block60_20,0.8825,0.0322,0.25,1600,226
two_pattern,6,3,4,vwide,strat5fold,0.9238,0.0094,0.25,1600,226
two_pattern,6,3,4,vwide,block60_20,0.8775,0.0366,0.25,1600,226
two_pattern,6,3,2,paper,binary_L_vs_X,0.9531,0.0141,0.5,1600,226
two_pattern,7,1,4,paper,strat5fold,0.9056,0.0091,0.25,1600,178
two_pattern,7,1,4,paper,block60_20,0.8625,0.0285,0.25,1600,178
two_pattern,7,1,4,noblank,strat5fold,0.9975,0.0023,0.25,1600,178
two_pattern,7,1,4,noblank,block60_20,0.99,0.0094,0.25,1600,178
two_pattern,7,1,4,artifact,strat5fold,0.9512,0.0085,0.25,1600,178
two_pattern,7,1,4,artifact,block60_20,0.9425,0.0451,0.25,1600,178
two_pattern,7,1,4,early,strat5fold,0.9981,0.0025,0.25,1600,178
two_pattern,7,1,4,early,block60_20,0.9875,0.0079,0.25,1600,178
two_pattern,7,1,4,wide,strat5fold,0.9119,0.0114,0.25,1600,178
two_pattern,7,1,4,wide,block60_20,0.85,0.0285,0.25,1600,178
two_pattern,7,1,4,vwide,strat5fold,0.9175,0.012,0.25,1600,178
two_pattern,7,1,4,vwide,block60_20,0.875,0.025,0.25,1600,178
two_pattern,7,1,2,paper,binary_L_vs_X,0.9881,0.005,0.5,1600,178
two_pattern,7,2,3,paper,strat5fold,0.9492,0.0145,0.3333,1200,165
two_pattern,7,2,3,paper,block60_20,0.9167,0.0587,0.3333,1200,165
two_pattern,7,2,3,noblank,strat5fold,0.9983,0.0033,0.3333,1200,165
two_pattern,7,2,3,noblank,block60_20,0.9967,0.0067,0.3333,1200,165
two_pattern,7,2,3,artifact,strat5fold,0.9275,0.0057,0.3333,1200,165
two_pattern,7,2,3,artifact,block60_20,0.92,0.0562,0.3333,1200,165
two_pattern,7,2,3,early,strat5fold,0.9967,0.0031,0.3333,1200,165
two_pattern,7,2,3,early,block60_20,0.9967,0.0067,0.3333,1200,165
two_pattern,7,2,3,wide,strat5fold,0.955,0.0113,0.3333,1200,165
two_pattern,7,2,3,wide,block60_20,0.9067,0.0735,0.3333,1200,165
two_pattern,7,2,3,vwide,strat5fold,0.9683,0.0077,0.3333,1200,165
two_pattern,7,2,3,vwide,block60_20,0.9133,0.0763,0.3333,1200,165
two_pattern,7,2,2,paper,binary_L_vs_X,0.9758,0.0096,0.5,1200,165
two_pattern,7,3,2,paper,strat5fold,0.995,0.0061,0.5,800,157
two_pattern,7,3,2,paper,block60_20,1.0,0.0,0.5,800,157
two_pattern,7,3,2,noblank,strat5fold,1.0,0.0,0.5,800,157
two_pattern,7,3,2,noblank,block60_20,1.0,0.0,0.5,800,157
two_pattern,7,3,2,artifact,strat5fold,0.9988,0.0025,0.5,800,157
two_pattern,7,3,2,artifact,block60_20,0.995,0.01,0.5,800,157
two_pattern,7,3,2,early,strat5fold,1.0,0.0,0.5,800,157
two_pattern,7,3,2,early,block60_20,1.0,0.0,0.5,800,157
two_pattern,7,3,2,wide,strat5fold,0.9988,0.0025,0.5,800,157
two_pattern,7,3,2,wide,block60_20,1.0,0.0,0.5,800,157
two_pattern,7,3,2,vwide,strat5fold,0.9988,0.0025,0.5,800,157
two_pattern,7,3,2,vwide,block60_20,1.0,0.0,0.5,800,157
two_pattern,7,3,2,paper,binary_L_vs_X,0.995,0.0061,0.5,800,157
two_pattern,8,1,3,paper,strat5fold,1.0,0.0,0.3333,1200,170
two_pattern,8,1,3,paper,block60_20,1.0,0.0,0.3333,1200,170
two_pattern,8,1,3,noblank,strat5fold,1.0,0.0,0.3333,1200,170
two_pattern,8,1,3,noblank,block60_20,1.0,0.0,0.3333,1200,170
two_pattern,8,1,3,artifact,strat5fold,1.0,0.0,0.3333,1200,170
two_pattern,8,1,3,artifact,block60_20,1.0,0.0,0.3333,1200,170
two_pattern,8,1,3,early,strat5fold,1.0,0.0,0.3333,1200,170
two_pattern,8,1,3,early,block60_20,1.0,0.0,0.3333,1200,170
two_pattern,8,1,3,wide,strat5fold,0.9992,0.0017,0.3333,1200,170
two_pattern,8,1,3,wide,block60_20,0.9967,0.0067,0.3333,1200,170
two_pattern,8,1,3,vwide,strat5fold,0.9983,0.002,0.3333,1200,170
two_pattern,8,1,3,vwide,block60_20,1.0,0.0,0.3333,1200,170
two_pattern,8,1,2,paper,binary_L_vs_X,1.0,0.0,0.5,1200,170
two_pattern,8,2,3,paper,strat5fold,0.9992,0.0017,0.3333,1200,175
two_pattern,8,2,3,paper,block60_20,1.0,0.0,0.3333,1200,175
two_pattern,8,2,3,noblank,strat5fold,1.0,0.0,0.3333,1200,175
two_pattern,8,2,3,noblank,block60_20,1.0,0.0,0.3333,1200,175
two_pattern,8,2,3,artifact,strat5fold,1.0,0.0,0.3333,1200,175
two_pattern,8,2,3,artifact,block60_20,1.0,0.0,0.3333,1200,175
two_pattern,8,2,3,early,strat5fold,1.0,0.0,0.3333,1200,175
two_pattern,8,2,3,early,block60_20,1.0,0.0,0.3333,1200,175
two_pattern,8,2,3,wide,strat5fold,0.9983,0.002,0.3333,1200,175
two_pattern,8,2,3,wide,block60_20,1.0,0.0,0.3333,1200,175
two_pattern,8,2,3,vwide,strat5fold,0.9992,0.0017,0.3333,1200,175
two_pattern,8,2,3,vwide,block60_20,1.0,0.0,0.3333,1200,175
two_pattern,8,2,2,paper,binary_L_vs_X,0.9992,0.0017,0.5,1200,175
two_pattern,8,3,3,paper,strat5fold,0.9992,0.0017,0.3333,1200,163
two_pattern,8,3,3,paper,block60_20,0.9967,0.0067,0.3333,1200,163
two_pattern,8,3,3,noblank,strat5fold,1.0,0.0,0.3333,1200,163
two_pattern,8,3,3,noblank,block60_20,1.0,0.0,0.3333,1200,163
two_pattern,8,3,3,artifact,strat5fold,1.0,0.0,0.3333,1200,163
two_pattern,8,3,3,artifact,block60_20,1.0,0.0,0.3333,1200,163
two_pattern,8,3,3,early,strat5fold,1.0,0.0,0.3333,1200,163
two_pattern,8,3,3,early,block60_20,1.0,0.0,0.3333,1200,163
two_pattern,8,3,3,wide,strat5fold,1.0,0.0,0.3333,1200,163
two_pattern,8,3,3,wide,block60_20,0.9967,0.0067,0.3333,1200,163
two_pattern,8,3,3,vwide,strat5fold,0.9975,0.0033,0.3333,1200,163
two_pattern,8,3,3,vwide,block60_20,1.0,0.0,0.3333,1200,163
two_pattern,8,3,2,paper,binary_L_vs_X,1.0,0.0,0.5,1200,163
two_pattern,9,1,3,paper,strat5fold,0.9992,0.0017,0.3333,1200,159
two_pattern,9,1,3,paper,block60_20,1.0,0.0,0.3333,1200,159
two_pattern,9,1,3,noblank,strat5fold,1.0,0.0,0.3333,1200,159
two_pattern,9,1,3,noblank,block60_20,1.0,0.0,0.3333,1200,159
two_pattern,9,1,3,artifact,strat5fold,0.9925,0.0061,0.3333,1200,159
two_pattern,9,1,3,artifact,block60_20,0.9933,0.0082,0.3333,1200,159
two_pattern,9,1,3,early,strat5fold,1.0,0.0,0.3333,1200,159
two_pattern,9,1,3,early,block60_20,1.0,0.0,0.3333,1200,159
two_pattern,9,1,3,wide,strat5fold,0.9992,0.0017,0.3333,1200,159
two_pattern,9,1,3,wide,block60_20,1.0,0.0,0.3333,1200,159
two_pattern,9,1,3,vwide,strat5fold,0.9992,0.0017,0.3333,1200,159
two_pattern,9,1,3,vwide,block60_20,1.0,0.0,0.3333,1200,159
two_pattern,9,1,2,paper,binary_L_vs_X,0.9992,0.0017,0.5,1200,159
two_pattern,9,2,4,paper,strat5fold,0.9975,0.0023,0.25,1600,168
two_pattern,9,2,4,paper,block60_20,0.995,0.01,0.25,1600,168
two_pattern,9,2,4,noblank,strat5fold,0.9994,0.0013,0.25,1600,168
two_pattern,9,2,4,noblank,block60_20,1.0,0.0,0.25,1600,168
two_pattern,9,2,4,artifact,strat5fold,0.9956,0.0025,0.25,1600,168
two_pattern,9,2,4,artifact,block60_20,0.9925,0.01,0.25,1600,168
two_pattern,9,2,4,early,strat5fold,0.9994,0.0013,0.25,1600,168
two_pattern,9,2,4,early,block60_20,1.0,0.0,0.25,1600,168
two_pattern,9,2,4,wide,strat5fold,0.9963,0.0036,0.25,1600,168
two_pattern,9,2,4,wide,block60_20,0.995,0.01,0.25,1600,168
two_pattern,9,2,4,vwide,strat5fold,0.9981,0.0015,0.25,1600,168
two_pattern,9,2,4,vwide,block60_20,0.9975,0.005,0.25,1600,168
two_pattern,9,2,2,paper,binary_L_vs_X,0.9988,0.0015,0.5,1600,168
two_pattern,9,3,4,paper,strat5fold,0.9919,0.0058,0.25,1600,170
two_pattern,9,3,4,paper,block60_20,0.99,0.0122,0.25,1600,170
two_pattern,9,3,4,noblank,strat5fold,1.0,0.0,0.25,1600,170
two_pattern,9,3,4,noblank,block60_20,0.995,0.01,0.25,1600,170
two_pattern,9,3,4,artifact,strat5fold,0.9819,0.0064,0.25,1600,170
two_pattern,9,3,4,artifact,block60_20,0.98,0.0281,0.25,1600,170
two_pattern,9,3,4,early,strat5fold,1.0,0.0,0.25,1600,170
two_pattern,9,3,4,early,block60_20,0.995,0.01,0.25,1600,170
two_pattern,9,3,4,wide,strat5fold,0.9919,0.0032,0.25,1600,170
two_pattern,9,3,4,wide,block60_20,0.99,0.0122,0.25,1600,170
two_pattern,9,3,4,vwide,strat5fold,0.9956,0.0015,0.25,1600,170
two_pattern,9,3,4,vwide,block60_20,0.9925,0.01,0.25,1600,170
two_pattern,9,3,2,paper,binary_L_vs_X,0.9981,0.0025,0.5,1600,170
two_pattern,10,1,4,paper,strat5fold,0.9906,0.0028,0.25,1600,225
two_pattern,10,1,4,paper,block60_20,0.9925,0.01,0.25,1600,225
two_pattern,10,1,4,noblank,strat5fold,1.0,0.0,0.25,1600,225
two_pattern,10,1,4,noblank,block60_20,1.0,0.0,0.25,1600,225
two_pattern,10,1,4,artifact,strat5fold,0.9969,0.0,0.25,1600,225
two_pattern,10,1,4,artifact,block60_20,0.9975,0.005,0.25,1600,225
two_pattern,10,1,4,early,strat5fold,1.0,0.0,0.25,1600,225
two_pattern,10,1,4,early,block60_20,1.0,0.0,0.25,1600,225
two_pattern,10,1,4,wide,strat5fold,0.9881,0.0046,0.25,1600,225
two_pattern,10,1,4,wide,block60_20,0.9775,0.0122,0.25,1600,225
two_pattern,10,1,4,vwide,strat5fold,0.9875,0.004,0.25,1600,225
two_pattern,10,1,4,vwide,block60_20,0.9775,0.0146,0.25,1600,225
two_pattern,10,1,2,paper,binary_L_vs_X,1.0,0.0,0.5,1600,225
two_pattern,10,2,4,paper,strat5fold,0.9725,0.0094,0.25,1600,236
two_pattern,10,2,4,paper,block60_20,0.9625,0.0387,0.25,1600,236
two_pattern,10,2,4,noblank,strat5fold,0.9969,0.002,0.25,1600,236
two_pattern,10,2,4,noblank,block60_20,0.995,0.01,0.25,1600,236
two_pattern,10,2,4,artifact,strat5fold,0.9637,0.0121,0.25,1600,236
two_pattern,10,2,4,artifact,block60_20,0.9525,0.055,0.25,1600,236
two_pattern,10,2,4,early,strat5fold,0.9963,0.0031,0.25,1600,236
two_pattern,10,2,4,early,block60_20,1.0,0.0,0.25,1600,236
two_pattern,10,2,4,wide,strat5fold,0.9719,0.0123,0.25,1600,236
two_pattern,10,2,4,wide,block60_20,0.9775,0.02,0.25,1600,236
two_pattern,10,2,4,vwide,strat5fold,0.9725,0.0072,0.25,1600,236
two_pattern,10,2,4,vwide,block60_20,0.985,0.0146,0.25,1600,236
two_pattern,10,2,2,paper,binary_L_vs_X,0.9988,0.0015,0.5,1600,236
two_pattern,10,3,4,paper,strat5fold,0.8569,0.0143,0.25,1600,211
two_pattern,10,3,4,paper,block60_20,0.8625,0.0335,0.25,1600,211
two_pattern,10,3,4,noblank,strat5fold,0.9988,0.0015,0.25,1600,211
two_pattern,10,3,4,noblank,block60_20,0.9975,0.005,0.25,1600,211
two_pattern,10,3,4,artifact,strat5fold,0.9825,0.012,0.25,1600,211
two_pattern,10,3,4,artifact,block60_20,0.9725,0.0339,0.25,1600,211
two_pattern,10,3,4,early,strat5fold,0.9981,0.0015,0.25,1600,211
two_pattern,10,3,4,early,block60_20,0.9925,0.0061,0.25,1600,211
two_pattern,10,3,4,wide,strat5fold,0.8506,0.0154,0.25,1600,211
two_pattern,10,3,4,wide,block60_20,0.8625,0.0354,0.25,1600,211
two_pattern,10,3,4,vwide,strat5fold,0.8694,0.0111,0.25,1600,211
two_pattern,10,3,4,vwide,block60_20,0.865,0.047,0.25,1600,211
two_pattern,10,3,2,paper,binary_L_vs_X,0.9981,0.0015,0.5,1600,211
six_pattern,1,1,6,paper,strat5fold,0.9367,0.0125,0.1667,2400,199
six_pattern,1,1,6,paper,block60_20,0.8617,0.0397,0.1667,2400,199
six_pattern,1,1,6,noblank,strat5fold,1.0,0.0,0.1667,2400,199
six_pattern,1,1,6,noblank,block60_20,1.0,0.0,0.1667,2400,199
six_pattern,1,1,6,artifact,strat5fold,1.0,0.0,0.1667,2400,199
six_pattern,1,1,6,artifact,block60_20,1.0,0.0,0.1667,2400,199
six_pattern,1,1,6,early,strat5fold,1.0,0.0,0.1667,2400,199
six_pattern,1,1,6,early,block60_20,1.0,0.0,0.1667,2400,199
six_pattern,1,1,6,wide,strat5fold,0.9488,0.0135,0.1667,2400,199
six_pattern,1,1,6,wide,block60_20,0.8917,0.0321,0.1667,2400,199
six_pattern,1,1,6,vwide,strat5fold,0.9483,0.0135,0.1667,2400,199
six_pattern,1,1,6,vwide,block60_20,0.8933,0.0266,0.1667,2400,199
six_pattern,1,2,6,paper,strat5fold,0.9304,0.0057,0.1667,2400,198
six_pattern,1,2,6,paper,block60_20,0.8983,0.0347,0.1667,2400,198
six_pattern,1,2,6,noblank,strat5fold,0.9996,0.0008,0.1667,2400,198
six_pattern,1,2,6,noblank,block60_20,1.0,0.0,0.1667,2400,198
six_pattern,1,2,6,artifact,strat5fold,1.0,0.0,0.1667,2400,198
six_pattern,1,2,6,artifact,block60_20,1.0,0.0,0.1667,2400,198
six_pattern,1,2,6,early,strat5fold,0.9996,0.0008,0.1667,2400,198
six_pattern,1,2,6,early,block60_20,1.0,0.0,0.1667,2400,198
six_pattern,1,2,6,wide,strat5fold,0.9379,0.0086,0.1667,2400,198
six_pattern,1,2,6,wide,block60_20,0.8717,0.0393,0.1667,2400,198
six_pattern,1,2,6,vwide,strat5fold,0.9471,0.0101,0.1667,2400,198
six_pattern,1,2,6,vwide,block60_20,0.8833,0.0603,0.1667,2400,198
six_pattern,1,3,6,paper,strat5fold,0.875,0.0088,0.1667,2400,188
six_pattern,1,3,6,paper,block60_20,0.83,0.0208,0.1667,2400,188
six_pattern,1,3,6,noblank,strat5fold,0.9992,0.001,0.1667,2400,188
six_pattern,1,3,6,noblank,block60_20,1.0,0.0,0.1667,2400,188
six_pattern,1,3,6,artifact,strat5fold,0.9992,0.001,0.1667,2400,188
six_pattern,1,3,6,artifact,block60_20,0.9967,0.0041,0.1667,2400,188
six_pattern,1,3,6,early,strat5fold,0.9983,0.0008,0.1667,2400,188
six_pattern,1,3,6,early,block60_20,0.9983,0.0033,0.1667,2400,188
six_pattern,1,3,6,wide,strat5fold,0.8546,0.0107,0.1667,2400,188
six_pattern,1,3,6,wide,block60_20,0.7733,0.0439,0.1667,2400,188
six_pattern,1,3,6,vwide,strat5fold,0.8679,0.0043,0.1667,2400,188
six_pattern,1,3,6,vwide,block60_20,0.7967,0.0574,0.1667,2400,188
six_pattern,2,1,6,paper,strat5fold,0.9062,0.0087,0.1667,2400,210
six_pattern,2,1,6,paper,block60_20,0.8283,0.0424,0.1667,2400,210
six_pattern,2,1,6,noblank,strat5fold,1.0,0.0,0.1667,2400,210
six_pattern,2,1,6,noblank,block60_20,0.9983,0.0033,0.1667,2400,210
six_pattern,2,1,6,artifact,strat5fold,1.0,0.0,0.1667,2400,210
six_pattern,2,1,6,artifact,block60_20,1.0,0.0,0.1667,2400,210
six_pattern,2,1,6,early,strat5fold,1.0,0.0,0.1667,2400,210
six_pattern,2,1,6,early,block60_20,1.0,0.0,0.1667,2400,210
six_pattern,2,1,6,wide,strat5fold,0.9463,0.0077,0.1667,2400,210
six_pattern,2,1,6,wide,block60_20,0.8917,0.0468,0.1667,2400,210
six_pattern,2,1,6,vwide,strat5fold,0.9504,0.0068,0.1667,2400,210
six_pattern,2,1,6,vwide,block60_20,0.9067,0.026,0.1667,2400,210
six_pattern,2,2,6,paper,strat5fold,0.9217,0.0096,0.1667,2400,220
six_pattern,2,2,6,paper,block60_20,0.8517,0.0378,0.1667,2400,220
six_pattern,2,2,6,noblank,strat5fold,1.0,0.0,0.1667,2400,220
six_pattern,2,2,6,noblank,block60_20,0.9933,0.0097,0.1667,2400,220
six_pattern,2,2,6,artifact,strat5fold,1.0,0.0,0.1667,2400,220
six_pattern,2,2,6,artifact,block60_20,1.0,0.0,0.1667,2400,220
six_pattern,2,2,6,early,strat5fold,0.9996,0.0008,0.1667,2400,220
six_pattern,2,2,6,early,block60_20,0.9967,0.0067,0.1667,2400,220
six_pattern,2,2,6,wide,strat5fold,0.9654,0.0063,0.1667,2400,220
six_pattern,2,2,6,wide,block60_20,0.9367,0.0172,0.1667,2400,220
six_pattern,2,2,6,vwide,strat5fold,0.9713,0.0087,0.1667,2400,220
six_pattern,2,2,6,vwide,block60_20,0.9433,0.0207,0.1667,2400,220
six_pattern,2,3,6,paper,strat5fold,0.9475,0.0159,0.1667,2400,200
six_pattern,2,3,6,paper,block60_20,0.9217,0.0041,0.1667,2400,200
six_pattern,2,3,6,noblank,strat5fold,0.9996,0.0008,0.1667,2400,200
six_pattern,2,3,6,noblank,block60_20,0.9983,0.0033,0.1667,2400,200
six_pattern,2,3,6,artifact,strat5fold,0.9996,0.0008,0.1667,2400,200
six_pattern,2,3,6,artifact,block60_20,1.0,0.0,0.1667,2400,200
six_pattern,2,3,6,early,strat5fold,0.9996,0.0008,0.1667,2400,200
six_pattern,2,3,6,early,block60_20,0.9967,0.0041,0.1667,2400,200
six_pattern,2,3,6,wide,strat5fold,0.9683,0.0088,0.1667,2400,200
six_pattern,2,3,6,wide,block60_20,0.9417,0.0175,0.1667,2400,200
six_pattern,2,3,6,vwide,strat5fold,0.9692,0.0076,0.1667,2400,200
six_pattern,2,3,6,vwide,block60_20,0.9417,0.0149,0.1667,2400,200
six_pattern,3,1,6,paper,strat5fold,0.7892,0.0149,0.1667,2400,141
six_pattern,3,1,6,paper,block60_20,0.725,0.0503,0.1667,2400,141
six_pattern,3,1,6,noblank,strat5fold,0.9996,0.0008,0.1667,2400,141
six_pattern,3,1,6,noblank,block60_20,1.0,0.0,0.1667,2400,141
six_pattern,3,1,6,artifact,strat5fold,0.9971,0.0017,0.1667,2400,141
six_pattern,3,1,6,artifact,block60_20,0.9933,0.0097,0.1667,2400,141
six_pattern,3,1,6,early,strat5fold,0.9996,0.0008,0.1667,2400,141
six_pattern,3,1,6,early,block60_20,1.0,0.0,0.1667,2400,141
six_pattern,3,1,6,wide,strat5fold,0.7988,0.0058,0.1667,2400,141
six_pattern,3,1,6,wide,block60_20,0.7117,0.0272,0.1667,2400,141
six_pattern,3,1,6,vwide,strat5fold,0.8004,0.0083,0.1667,2400,141
six_pattern,3,1,6,vwide,block60_20,0.72,0.0301,0.1667,2400,141
six_pattern,3,2,6,paper,strat5fold,0.9883,0.0034,0.1667,2400,151
six_pattern,3,2,6,paper,block60_20,0.9867,0.0067,0.1667,2400,151
six_pattern,3,2,6,noblank,strat5fold,0.9992,0.001,0.1667,2400,151
six_pattern,3,2,6,noblank,block60_20,1.0,0.0,0.1667,2400,151
six_pattern,3,2,6,artifact,strat5fold,0.9775,0.0044,0.1667,2400,151
six_pattern,3,2,6,artifact,block60_20,0.9767,0.0314,0.1667,2400,151
six_pattern,3,2,6,early,strat5fold,0.9996,0.0008,0.1667,2400,151
six_pattern,3,2,6,early,block60_20,1.0,0.0,0.1667,2400,151
six_pattern,3,2,6,wide,strat5fold,0.9879,0.0031,0.1667,2400,151
six_pattern,3,2,6,wide,block60_20,0.985,0.0082,0.1667,2400,151
six_pattern,3,2,6,vwide,strat5fold,0.9892,0.0031,0.1667,2400,151
six_pattern,3,2,6,vwide,block60_20,0.985,0.0082,0.1667,2400,151
six_pattern,3,3,6,paper,strat5fold,0.7879,0.0089,0.1667,2400,118
six_pattern,3,3,6,paper,block60_20,0.7,0.1066,0.1667,2400,118
six_pattern,3,3,6,noblank,strat5fold,0.9788,0.0073,0.1667,2400,118
six_pattern,3,3,6,noblank,block60_20,0.9267,0.1303,0.1667,2400,118
six_pattern,3,3,6,artifact,strat5fold,0.9554,0.01,0.1667,2400,118
six_pattern,3,3,6,artifact,block60_20,0.895,0.126,0.1667,2400,118
six_pattern,3,3,6,early,strat5fold,0.9821,0.007,0.1667,2400,118
six_pattern,3,3,6,early,block60_20,0.9267,0.1301,0.1667,2400,118
six_pattern,3,3,6,wide,strat5fold,0.7863,0.0101,0.1667,2400,118
six_pattern,3,3,6,wide,block60_20,0.6967,0.0964,0.1667,2400,118
six_pattern,3,3,6,vwide,strat5fold,0.7875,0.0126,0.1667,2400,118
six_pattern,3,3,6,vwide,block60_20,0.705,0.0892,0.1667,2400,118
six_pattern,4,1,6,paper,strat5fold,0.9058,0.0176,0.1667,2400,127
six_pattern,4,1,6,paper,block60_20,0.8283,0.044,0.1667,2400,127
six_pattern,4,1,6,noblank,strat5fold,0.9992,0.001,0.1667,2400,127
six_pattern,4,1,6,noblank,block60_20,0.9983,0.0033,0.1667,2400,127
six_pattern,4,1,6,artifact,strat5fold,0.9904,0.0028,0.1667,2400,127
six_pattern,4,1,6,artifact,block60_20,0.9783,0.0085,0.1667,2400,127
six_pattern,4,1,6,early,strat5fold,0.9988,0.0017,0.1667,2400,127
six_pattern,4,1,6,early,block60_20,0.9917,0.0053,0.1667,2400,127
six_pattern,4,1,6,wide,strat5fold,0.8996,0.0126,0.1667,2400,127
six_pattern,4,1,6,wide,block60_20,0.8317,0.0473,0.1667,2400,127
six_pattern,4,1,6,vwide,strat5fold,0.9021,0.0105,0.1667,2400,127
six_pattern,4,1,6,vwide,block60_20,0.8333,0.0431,0.1667,2400,127
six_pattern,4,2,6,paper,strat5fold,0.4658,0.0085,0.1667,2400,238
six_pattern,4,2,6,paper,block60_20,0.4,0.0369,0.1667,2400,238
six_pattern,4,2,6,noblank,strat5fold,0.9992,0.001,0.1667,2400,238
six_pattern,4,2,6,noblank,block60_20,1.0,0.0,0.1667,2400,238
six_pattern,4,2,6,artifact,strat5fold,0.9417,0.0023,0.1667,2400,238
six_pattern,4,2,6,artifact,block60_20,0.9233,0.0178,0.1667,2400,238
six_pattern,4,2,6,early,strat5fold,0.9971,0.0025,0.1667,2400,238
six_pattern,4,2,6,early,block60_20,0.9983,0.0033,0.1667,2400,238
six_pattern,4,2,6,wide,strat5fold,0.5104,0.0158,0.1667,2400,238
six_pattern,4,2,6,wide,block60_20,0.415,0.0498,0.1667,2400,238
six_pattern,4,2,6,vwide,strat5fold,0.5367,0.0266,0.1667,2400,238
six_pattern,4,2,6,vwide,block60_20,0.455,0.0336,0.1667,2400,238
six_pattern,4,3,6,paper,strat5fold,0.8513,0.0125,0.1667,2400,131
six_pattern,4,3,6,paper,block60_20,0.7567,0.0392,0.1667,2400,131
six_pattern,4,3,6,noblank,strat5fold,0.9996,0.0008,0.1667,2400,131
six_pattern,4,3,6,noblank,block60_20,0.9983,0.0033,0.1667,2400,131
six_pattern,4,3,6,artifact,strat5fold,0.9463,0.0061,0.1667,2400,131
six_pattern,4,3,6,artifact,block60_20,0.9267,0.0399,0.1667,2400,131
six_pattern,4,3,6,early,strat5fold,0.9992,0.0017,0.1667,2400,131
six_pattern,4,3,6,early,block60_20,1.0,0.0,0.1667,2400,131
six_pattern,4,3,6,wide,strat5fold,0.8621,0.0134,0.1667,2400,131
six_pattern,4,3,6,wide,block60_20,0.765,0.03,0.1667,2400,131
six_pattern,4,3,6,vwide,strat5fold,0.8671,0.0154,0.1667,2400,131
six_pattern,4,3,6,vwide,block60_20,0.755,0.0327,0.1667,2400,131
six_pattern,5,1,6,paper,strat5fold,0.8746,0.0131,0.1667,2400,164
six_pattern,5,1,6,paper,block60_20,0.8133,0.0208,0.1667,2400,164
six_pattern,5,1,6,noblank,strat5fold,1.0,0.0,0.1667,2400,164
six_pattern,5,1,6,noblank,block60_20,0.9983,0.0033,0.1667,2400,164
six_pattern,5,1,6,artifact,strat5fold,0.9425,0.0141,0.1667,2400,164
six_pattern,5,1,6,artifact,block60_20,0.93,0.062,0.1667,2400,164
six_pattern,5,1,6,early,strat5fold,1.0,0.0,0.1667,2400,164
six_pattern,5,1,6,early,block60_20,0.9983,0.0033,0.1667,2400,164
six_pattern,5,1,6,wide,strat5fold,0.9554,0.0143,0.1667,2400,164
six_pattern,5,1,6,wide,block60_20,0.91,0.0226,0.1667,2400,164
six_pattern,5,1,6,vwide,strat5fold,0.9583,0.0111,0.1667,2400,164
six_pattern,5,1,6,vwide,block60_20,0.91,0.0122,0.1667,2400,164
six_pattern,5,2,6,paper,strat5fold,0.9654,0.0056,0.1667,2340,160
six_pattern,5,2,6,paper,block60_20,0.9333,0.0258,0.1667,2340,160
six_pattern,5,2,6,noblank,strat5fold,0.9996,0.0009,0.1667,2340,160
six_pattern,5,2,6,noblank,block60_20,0.9983,0.0033,0.1667,2340,160
six_pattern,5,2,6,artifact,strat5fold,0.9927,0.0037,0.1667,2340,160
six_pattern,5,2,6,artifact,block60_20,0.985,0.02,0.1667,2340,160
six_pattern,5,2,6,early,strat5fold,0.9991,0.001,0.1667,2340,160
six_pattern,5,2,6,early,block60_20,0.9967,0.0067,0.1667,2340,160
six_pattern,5,2,6,wide,strat5fold,0.9714,0.007,0.1667,2340,160
six_pattern,5,2,6,wide,block60_20,0.9567,0.0232,0.1667,2340,160
six_pattern,5,2,6,vwide,strat5fold,0.9739,0.0065,0.1667,2340,160
six_pattern,5,2,6,vwide,block60_20,0.96,0.0255,0.1667,2340,160
six_pattern,5,3,6,paper,strat5fold,0.9752,0.0022,0.1667,2340,165
six_pattern,5,3,6,paper,block60_20,0.9517,0.0186,0.1667,2340,165
six_pattern,5,3,6,noblank,strat5fold,1.0,0.0,0.1667,2340,165
six_pattern,5,3,6,noblank,block60_20,1.0,0.0,0.1667,2340,165
six_pattern,5,3,6,artifact,strat5fold,0.985,0.0056,0.1667,2340,165
six_pattern,5,3,6,artifact,block60_20,0.9683,0.0359,0.1667,2340,165
six_pattern,5,3,6,early,strat5fold,1.0,0.0,0.1667,2340,165
six_pattern,5,3,6,early,block60_20,1.0,0.0,0.1667,2340,165
six_pattern,5,3,6,wide,strat5fold,0.985,0.0079,0.1667,2340,165
six_pattern,5,3,6,wide,block60_20,0.955,0.0251,0.1667,2340,165
six_pattern,5,3,6,vwide,strat5fold,0.9846,0.0065,0.1667,2340,165
six_pattern,5,3,6,vwide,block60_20,0.9517,0.0238,0.1667,2340,165
six_pattern,6,1,6,paper,strat5fold,0.9079,0.009,0.1667,2400,168
six_pattern,6,1,6,paper,block60_20,0.8383,0.0933,0.1667,2400,168
six_pattern,6,1,6,noblank,strat5fold,0.9996,0.0008,0.1667,2400,168
six_pattern,6,1,6,noblank,block60_20,0.9983,0.0033,0.1667,2400,168
six_pattern,6,1,6,artifact,strat5fold,0.9929,0.0047,0.1667,2400,168
six_pattern,6,1,6,artifact,block60_20,0.985,0.0186,0.1667,2400,168
six_pattern,6,1,6,early,strat5fold,0.9996,0.0008,0.1667,2400,168
six_pattern,6,1,6,early,block60_20,0.9983,0.0033,0.1667,2400,168
six_pattern,6,1,6,wide,strat5fold,0.9767,0.0057,0.1667,2400,168
six_pattern,6,1,6,wide,block60_20,0.945,0.0085,0.1667,2400,168
six_pattern,6,1,6,vwide,strat5fold,0.9762,0.0054,0.1667,2400,168
six_pattern,6,1,6,vwide,block60_20,0.9483,0.017,0.1667,2400,168
six_pattern,6,2,6,paper,strat5fold,0.9346,0.0048,0.1667,2340,161
six_pattern,6,2,6,paper,block60_20,0.8967,0.0267,0.1667,2340,161
six_pattern,6,2,6,noblank,strat5fold,1.0,0.0,0.1667,2340,161
six_pattern,6,2,6,noblank,block60_20,0.9983,0.0033,0.1667,2340,161
six_pattern,6,2,6,artifact,strat5fold,0.9726,0.0048,0.1667,2340,161
six_pattern,6,2,6,artifact,block60_20,0.9467,0.0591,0.1667,2340,161
six_pattern,6,2,6,early,strat5fold,0.9996,0.0009,0.1667,2340,161
six_pattern,6,2,6,early,block60_20,0.995,0.0067,0.1667,2340,161
six_pattern,6,2,6,wide,strat5fold,0.9568,0.0075,0.1667,2340,161
six_pattern,6,2,6,wide,block60_20,0.9017,0.0143,0.1667,2340,161
six_pattern,6,2,6,vwide,strat5fold,0.9662,0.0048,0.1667,2340,161
six_pattern,6,2,6,vwide,block60_20,0.9167,0.019,0.1667,2340,161
six_pattern,6,3,6,paper,strat5fold,0.9833,0.0055,0.1667,2340,176
six_pattern,6,3,6,paper,block60_20,0.9633,0.0261,0.1667,2340,176
six_pattern,6,3,6,noblank,strat5fold,0.9991,0.0017,0.1667,2340,176
six_pattern,6,3,6,noblank,block60_20,0.9983,0.0033,0.1667,2340,176
six_pattern,6,3,6,artifact,strat5fold,0.9915,0.0033,0.1667,2340,176
six_pattern,6,3,6,artifact,block60_20,0.9867,0.0163,0.1667,2340,176
six_pattern,6,3,6,early,strat5fold,0.9991,0.001,0.1667,2340,176
six_pattern,6,3,6,early,block60_20,0.9983,0.0033,0.1667,2340,176
six_pattern,6,3,6,wide,strat5fold,0.9927,0.0035,0.1667,2340,176
six_pattern,6,3,6,wide,block60_20,0.985,0.0111,0.1667,2340,176
six_pattern,6,3,6,vwide,strat5fold,0.9915,0.0036,0.1667,2340,176
six_pattern,6,3,6,vwide,block60_20,0.98,0.0113,0.1667,2340,176
six_pattern,7,1,6,paper,strat5fold,0.9058,0.0171,0.1667,2400,216
six_pattern,7,1,6,paper,block60_20,0.875,0.0321,0.1667,2400,216
six_pattern,7,1,6,noblank,strat5fold,0.9971,0.0017,0.1667,2400,216
six_pattern,7,1,6,noblank,block60_20,0.9883,0.0155,0.1667,2400,216
six_pattern,7,1,6,artifact,strat5fold,0.9958,0.0023,0.1667,2400,216
six_pattern,7,1,6,artifact,block60_20,0.99,0.0162,0.1667,2400,216
six_pattern,7,1,6,early,strat5fold,0.9975,0.002,0.1667,2400,216
six_pattern,7,1,6,early,block60_20,0.9867,0.0155,0.1667,2400,216
six_pattern,7,1,6,wide,strat5fold,0.9775,0.0061,0.1667,2400,216
six_pattern,7,1,6,wide,block60_20,0.9583,0.0264,0.1667,2400,216
six_pattern,7,1,6,vwide,strat5fold,0.9792,0.0029,0.1667,2400,216
six_pattern,7,1,6,vwide,block60_20,0.9533,0.018,0.1667,2400,216
six_pattern,7,2,6,paper,strat5fold,0.82,0.0123,0.1667,2400,311
six_pattern,7,2,6,paper,block60_20,0.7933,0.0276,0.1667,2400,311
six_pattern,7,2,6,noblank,strat5fold,0.9963,0.002,0.1667,2400,311
six_pattern,7,2,6,noblank,block60_20,0.99,0.02,0.1667,2400,311
six_pattern,7,2,6,artifact,strat5fold,0.995,0.0021,0.1667,2400,311
six_pattern,7,2,6,artifact,block60_20,0.9883,0.0233,0.1667,2400,311
six_pattern,7,2,6,early,strat5fold,0.9967,0.0025,0.1667,2400,311
six_pattern,7,2,6,early,block60_20,0.9917,0.0167,0.1667,2400,311
six_pattern,7,2,6,wide,strat5fold,0.995,0.0025,0.1667,2400,311
six_pattern,7,2,6,wide,block60_20,0.9833,0.019,0.1667,2400,311
six_pattern,7,2,6,vwide,strat5fold,0.995,0.001,0.1667,2400,311
six_pattern,7,2,6,vwide,block60_20,0.9817,0.0162,0.1667,2400,311
six_pattern,8,1,6,paper,strat5fold,0.9338,0.012,0.1667,2400,136
six_pattern,8,1,6,paper,block60_20,0.8717,0.0319,0.1667,2400,136
six_pattern,8,1,6,noblank,strat5fold,0.9975,0.002,0.1667,2400,136
six_pattern,8,1,6,noblank,block60_20,0.99,0.0162,0.1667,2400,136
six_pattern,8,1,6,artifact,strat5fold,0.9608,0.0028,0.1667,2400,136
six_pattern,8,1,6,artifact,block60_20,0.945,0.051,0.1667,2400,136
six_pattern,8,1,6,early,strat5fold,0.9975,0.002,0.1667,2400,136
six_pattern,8,1,6,early,block60_20,0.9883,0.0155,0.1667,2400,136
six_pattern,8,1,6,wide,strat5fold,0.9421,0.005,0.1667,2400,136
six_pattern,8,1,6,wide,block60_20,0.875,0.0435,0.1667,2400,136
six_pattern,8,1,6,vwide,strat5fold,0.9483,0.005,0.1667,2400,136
six_pattern,8,1,6,vwide,block60_20,0.8683,0.0335,0.1667,2400,136
six_pattern,8,2,6,paper,strat5fold,0.9092,0.0028,0.1667,2400,153
six_pattern,8,2,6,paper,block60_20,0.81,0.0523,0.1667,2400,153
six_pattern,8,2,6,noblank,strat5fold,0.9975,0.002,0.1667,2400,153
six_pattern,8,2,6,noblank,block60_20,0.9917,0.0167,0.1667,2400,153
six_pattern,8,2,6,artifact,strat5fold,0.9825,0.0028,0.1667,2400,153
six_pattern,8,2,6,artifact,block60_20,0.97,0.0443,0.1667,2400,153
six_pattern,8,2,6,early,strat5fold,0.9958,0.0026,0.1667,2400,153
six_pattern,8,2,6,early,block60_20,0.99,0.0162,0.1667,2400,153
six_pattern,8,2,6,wide,strat5fold,0.9587,0.0113,0.1667,2400,153
six_pattern,8,2,6,wide,block60_20,0.8917,0.0596,0.1667,2400,153
six_pattern,8,2,6,vwide,strat5fold,0.9671,0.0082,0.1667,2400,153
six_pattern,8,2,6,vwide,block60_20,0.8983,0.042,0.1667,2400,153
six_pattern,9,1,6,paper,strat5fold,0.9479,0.0072,0.1667,2400,147
six_pattern,9,1,6,paper,block60_20,0.8733,0.0244,0.1667,2400,147
six_pattern,9,1,6,noblank,strat5fold,0.9992,0.001,0.1667,2400,147
six_pattern,9,1,6,noblank,block60_20,1.0,0.0,0.1667,2400,147
six_pattern,9,1,6,artifact,strat5fold,0.9979,0.0013,0.1667,2400,147
six_pattern,9,1,6,artifact,block60_20,0.995,0.0067,0.1667,2400,147
six_pattern,9,1,6,early,strat5fold,0.9988,0.0017,0.1667,2400,147
six_pattern,9,1,6,early,block60_20,1.0,0.0,0.1667,2400,147
six_pattern,9,1,6,wide,strat5fold,0.9525,0.0099,0.1667,2400,147
six_pattern,9,1,6,wide,block60_20,0.8833,0.0274,0.1667,2400,147
six_pattern,9,1,6,vwide,strat5fold,0.955,0.0115,0.1667,2400,147
six_pattern,9,1,6,vwide,block60_20,0.89,0.0314,0.1667,2400,147
six_pattern,9,3,6,paper,strat5fold,0.995,0.0017,0.1667,2400,284
six_pattern,9,3,6,paper,block60_20,0.9817,0.0133,0.1667,2400,284
six_pattern,9,3,6,noblank,strat5fold,1.0,0.0,0.1667,2400,284
six_pattern,9,3,6,noblank,block60_20,1.0,0.0,0.1667,2400,284
six_pattern,9,3,6,artifact,strat5fold,0.9954,0.0016,0.1667,2400,284
six_pattern,9,3,6,artifact,block60_20,0.9883,0.0155,0.1667,2400,284
six_pattern,9,3,6,early,strat5fold,1.0,0.0,0.1667,2400,284
six_pattern,9,3,6,early,block60_20,0.9967,0.0067,0.1667,2400,284
six_pattern,9,3,6,wide,strat5fold,0.9983,0.0016,0.1667,2400,284
six_pattern,9,3,6,wide,block60_20,0.99,0.0097,0.1667,2400,284
six_pattern,9,3,6,vwide,strat5fold,0.9983,0.0016,0.1667,2400,284
six_pattern,9,3,6,vwide,block60_20,0.99,0.0097,0.1667,2400,284
six_pattern,10,1,6,paper,strat5fold,0.9479,0.0072,0.1667,2400,147
six_pattern,10,1,6,paper,block60_20,0.8733,0.0244,0.1667,2400,147
six_pattern,10,1,6,noblank,strat5fold,0.9992,0.001,0.1667,2400,147
six_pattern,10,1,6,noblank,block60_20,1.0,0.0,0.1667,2400,147
six_pattern,10,1,6,artifact,strat5fold,0.9979,0.0013,0.1667,2400,147
six_pattern,10,1,6,artifact,block60_20,0.995,0.0067,0.1667,2400,147
six_pattern,10,1,6,early,strat5fold,0.9988,0.0017,0.1667,2400,147
six_pattern,10,1,6,early,block60_20,1.0,0.0,0.1667,2400,147
six_pattern,10,1,6,wide,strat5fold,0.9525,0.0099,0.1667,2400,147
six_pattern,10,1,6,wide,block60_20,0.8833,0.0274,0.1667,2400,147
six_pattern,10,1,6,vwide,strat5fold,0.955,0.0115,0.1667,2400,147
six_pattern,10,1,6,vwide,block60_20,0.89,0.0314,0.1667,2400,147
six_pattern,10,2,6,paper,strat5fold,0.9829,0.004,0.1667,2400,129
six_pattern,10,2,6,paper,block60_20,0.935,0.0331,0.1667,2400,129
six_pattern,10,2,6,noblank,strat5fold,1.0,0.0,0.1667,2400,129
six_pattern,10,2,6,noblank,block60_20,0.9933,0.0133,0.1667,2400,129
six_pattern,10,2,6,artifact,strat5fold,0.9971,0.0025,0.1667,2400,129
six_pattern,10,2,6,artifact,block60_20,0.9933,0.0033,0.1667,2400,129
six_pattern,10,2,6,early,strat5fold,1.0,0.0,0.1667,2400,129
six_pattern,10,2,6,early,block60_20,0.9917,0.0167,0.1667,2400,129
six_pattern,10,2,6,wide,strat5fold,0.9825,0.0028,0.1667,2400,129
six_pattern,10,2,6,wide,block60_20,0.9417,0.0384,0.1667,2400,129
six_pattern,10,2,6,vwide,strat5fold,0.9833,0.0026,0.1667,2400,129
six_pattern,10,2,6,vwide,block60_20,0.9467,0.0327,0.1667,2400,129
six_pattern,10,3,6,paper,strat5fold,0.9717,0.0049,0.1667,2400,143
six_pattern,10,3,6,paper,block60_20,0.9117,0.0684,0.1667,2400,143
six_pattern,10,3,6,noblank,strat5fold,1.0,0.0,0.1667,2400,143
six_pattern,10,3,6,noblank,block60_20,0.9983,0.0033,0.1667,2400,143
six_pattern,10,3,6,artifact,strat5fold,0.9971,0.0017,0.1667,2400,143
six_pattern,10,3,6,artifact,block60_20,0.9933,0.0097,0.1667,2400,143
six_pattern,10,3,6,early,strat5fold,0.9996,0.0008,0.1667,2400,143
six_pattern,10,3,6,early,block60_20,0.9983,0.0033,0.1667,2400,143
six_pattern,10,3,6,wide,strat5fold,0.965,0.0048,0.1667,2400,143
six_pattern,10,3,6,wide,block60_20,0.895,0.0886,0.1667,2400,143
six_pattern,10,3,6,vwide,strat5fold,0.9637,0.0045,0.1667,2400,143
six_pattern,10,3,6,vwide,block60_20,0.895,0.0883,0.1667,2400,143
