experiment,culture,day,ssd_file,event_file,flag
two_pattern,1,1,10X.mat,10X_EVENT.mat,
two_pattern,1,1,2L.mat,2L_EVENT.mat,
two_pattern,1,1,5X.mat,5X_EVENT.mat,
two_pattern,1,1,8L.mat,8L_EVENT.mat,
two_pattern,1,2,10X.mat,10X_EVENT.mat,
two_pattern,1,2,2L.mat,2L_EVENT.mat,
two_pattern,1,2,5X.mat,5X_EVENT.mat,
two_pattern,1,2,8L.mat,8L_EVENT.mat,
two_pattern,1,3,10X.mat,10X_EVENT.mat,
two_pattern,1,3,2L.mat,2L_EVENT.mat,
two_pattern,1,3,5X.mat,5X_EVENT.mat,
two_pattern,1,3,8L.mat,8L_EVENT.mat,
two_pattern,2,1,10-first-learning-X2.mat,10-X2-EVENT.mat,
two_pattern,2,1,3-first-learning-L1.mat,3-L1-EVENT.mat,
two_pattern,2,1,5-first-learning-X2.mat,5-X2-EVENT.mat,
two_pattern,2,1,8-first-learning-L1.mat,8-L1-EVENT.mat,
two_pattern,2,2,10-first-learning-X2.mat,10-X2-EVENT.mat,
two_pattern,2,2,3-first-learning-L1.mat,,no-exact-match
two_pattern,2,2,5-first-learning-X2.mat,5-X2-EVENT.mat,
two_pattern,2,2,8-first-learning-L1.mat,8-L1-EVENT.mat,
two_pattern,2,3,10-first-learning-X2.mat,10-X2-EVENT.mat,
two_pattern,2,3,3-first-learning-L1.mat,3-L1-EVENT.mat,
two_pattern,2,3,5-first-learning-X2.mat,5-X2-EVENT.mat,
two_pattern,2,3,8-first-learning-L1.mat,8-L1-EVENT.mat,
two_pattern,3,1,10X.mat,10X_EVENT.mat,
two_pattern,3,1,3L.mat,3L_EVENT.mat,
two_pattern,3,1,5X.mat,5X_EVENT.mat,
two_pattern,3,1,8L.mat,8L_EVENT.mat,
two_pattern,3,2,10X.mat,10X_EVENT.mat,
two_pattern,3,2,3L.mat,3L_EVENT.mat,
two_pattern,3,2,5X.mat,5X_EVENT.mat,
two_pattern,3,2,8L.mat,8L_EVENT.mat,
two_pattern,3,3,10X.mat,10X_EVENT.mat,
two_pattern,3,3,3L.mat,3L_EVENT.mat,
two_pattern,3,3,5X.mat,5X_EVENT.mat,
two_pattern,3,3,8L.mat,8L_EVENT.mat,
two_pattern,4,1,10-X2.mat,,no-exact-match
two_pattern,4,1,10X.mat,10X_EVENT.mat,
two_pattern,4,1,3-L1.mat,,no-exact-match
two_pattern,4,1,3L.mat,3L_EVENT.mat,
two_pattern,4,1,5-X2.mat,,no-exact-match
two_pattern,4,1,5X.mat,5X_EVENT.mat,
two_pattern,4,1,8-L.mat,,no-exact-match
two_pattern,4,1,8L.mat,8L_EVENT.mat,
two_pattern,4,2,10-X2.mat,10-X2_EVENT.mat,
two_pattern,4,2,3-L1.mat,3-L1_EVENT.mat,
two_pattern,4,2,5-X2.mat,5-X2_EVENT.mat,
two_pattern,4,2,8-L1.mat,8-L1_EVENT.mat,
two_pattern,4,3,10-X2.mat,10-X2_EVENT.mat,
two_pattern,4,3,3-L1.mat,3-L1_EVENT.mat,
two_pattern,4,3,5-X2.mat,5-X2_EVENT.mat,
two_pattern,4,3,8-L1.mat,8-L1_EVENT.mat,
two_pattern,5,1,12-X2.mat,12-X2_EVENT.mat,
two_pattern,5,1,3-L1.mat,3-L1_EVENT.mat,
two_pattern,5,1,5-X2.mat,5-X2_EVENT.mat,
two_pattern,5,1,7-L1.mat,7-L1_EVENT.mat,
two_pattern,5,2,10-X2.mat,,no-exact-match
two_pattern,5,2,3-L1.mat,,no-exact-match
two_pattern,5,2,5-X2.mat,5-X2-EVENT.mat,
two_pattern,5,2,8-L1.mat,,no-exact-match
two_pattern,5,3,10-X2.mat,10-X2_EVENT.mat,
two_pattern,5,3,3-L1.mat,,no-exact-match
two_pattern,5,3,5-X2.mat,,no-exact-match
two_pattern,5,3,8-L1.mat,8-L1_EVENT.mat,
two_pattern,6,1,10-first-learning-X2.mat,10-X2-EVENT.mat,
two_pattern,6,1,3-first-learning-L1.mat,3-L1-EVENT.mat,
two_pattern,6,1,5-first-learning-X2.mat,5-X2-EVENT.mat,
two_pattern,6,1,8-first-learning-L1.mat,8-L1-EVENT.mat,
two_pattern,6,2,10-first-learning-X2.mat,10-X2-EVENT.mat,
two_pattern,6,2,3-first-learning-L1.mat,3-L1-EVENT.mat,
two_pattern,6,2,5-first-learning-X2.mat,5-X2-EVENT.mat,
two_pattern,6,2,8-first-learning-L1.mat,8-L1-EVENT.mat,
two_pattern,6,3,10-first-learning-X2.mat,10-X2-EVENT.mat,
two_pattern,6,3,3-first-learning-L1.mat,3-L1-EVENT.mat,
two_pattern,6,3,5-first-learning-X2.mat,5-X2-EVENT.mat,
two_pattern,6,3,8-first-learning-L1.mat,8-L1-EVENT.mat,
two_pattern,7,1,10X.mat,10X_EVENT.mat,
two_pattern,7,1,3L.mat,3L_EVENT.mat,
two_pattern,7,1,5X.mat,5X_EVENT.mat,
two_pattern,7,1,8L.mat,8L_EVENT.mat,
two_pattern,7,2,10X.mat,10X_EVENT.mat,
two_pattern,7,2,2L.mat,,no-exact-match
two_pattern,7,2,5X.mat,5X_EVENT.mat,
two_pattern,7,2,8L.mat,8L_EVENT.mat,
two_pattern,7,3,10X.mat,10X_EVENT.mat,
two_pattern,7,3,3L.mat,,no-exact-match
two_pattern,7,3,5X.mat,,no-exact-match
two_pattern,7,3,8L.mat,8L_EVENT.mat,
two_pattern,8,1,10X.mat,10X_Event.mat,
two_pattern,8,1,2L.mat,2L_Event.mat,
two_pattern,8,1,5X.mat,,no-exact-match
two_pattern,8,1,8L.mat,8L_Event.mat,
two_pattern,8,2,10X.mat,10X_EVENT.mat,
two_pattern,8,2,2L.mat,,no-exact-match
two_pattern,8,2,5X.mat,5L_EVENT.mat,number-only-match
two_pattern,8,2,8L.mat,8L_EVENT.mat,
two_pattern,8,3,10X.mat,10X_EVENT.mat,
two_pattern,8,3,3L.mat,,no-exact-match
two_pattern,8,3,5X.mat,5X_EVENT.mat,
two_pattern,8,3,8L.mat,8L_EVENT.mat,
two_pattern,9,1,2_first_learning_L1.mat,2_first_learning_L1.mat,
two_pattern,9,1,4_first_learning_X.mat,4_first_learning_X.mat,
two_pattern,9,1,6_second_learning_L1.mat,6_second_learning_L1.mat,
two_pattern,9,1,9_second_learning_X.mat,,no-exact-match
two_pattern,9,2,2_first_learning_L1.mat,2_first_learning_L1.mat,
two_pattern,9,2,4_first_learning_X.mat,4_first_learning_X.mat,
two_pattern,9,2,6_second_learning_L1.mat,6_second_learning_L1.mat,
two_pattern,9,2,8_second_learning_X.mat,8_second_learning_X.mat,
two_pattern,9,3,2_first_learning_L1.mat,2_first_learning_L1.mat,
two_pattern,9,3,4_first_learning_X.mat,4_first_learning_X.mat,
two_pattern,9,3,6_second_learning_L1.mat,6_second_learning_L1.mat,
two_pattern,9,3,8_second_learning_X.mat,8_second_learning_X.mat,
two_pattern,10,1,2_first_learning_L1.mat,2_first_learning_L1.mat,
two_pattern,10,1,4_first_learning_X.mat,4_first_learning_X.mat,
two_pattern,10,1,6_second_learning_L1.mat,6_second_learning_L1.mat,
two_pattern,10,1,8_second_learning_X.mat,8_second_learning_X.mat,
two_pattern,10,2,2_first_learning_L1.mat,2_first_learning_L1.mat,
two_pattern,10,2,4_first_learning_X.mat,4_first_learning_X.mat,
two_pattern,10,2,6_second_learning_L1.mat,6_second_learning_L1.mat,
two_pattern,10,2,8_second_learning_X.mat,8_second_learning_X.mat,
two_pattern,10,3,2_first_learning_L1.mat,2_first_learning_L1.mat,
two_pattern,10,3,4_first_learning_X.mat,4_first_learning_X.mat,
two_pattern,10,3,6_second_learning_L1.mat,6_second_learning_L1.mat,
two_pattern,10,3,8_second_learning_X.mat,8_second_learning_X.mat,
six_pattern,1,1,10L.mat,10L_EVENT.mat,
six_pattern,1,1,12C.mat,12C_EVENT.mat,
six_pattern,1,1,2L.mat,2L_EVENT.mat,
six_pattern,1,1,4X.mat,4X_EVENT.mat,
six_pattern,1,1,6L.mat,6L_EVENT.mat,
six_pattern,1,1,8S.mat,8S_EVENT.mat,
six_pattern,1,2,spikeSortingData10L.mat,10L.mat,
six_pattern,1,2,spikeSortingData12C.mat,12C.mat,
six_pattern,1,2,spikeSortingData2L.mat,2L.mat,
six_pattern,1,2,spikeSortingData4X.mat,4X.mat,
six_pattern,1,2,spikeSortingData6L.mat,6L.mat,
six_pattern,1,2,spikeSortingData8S.mat,8S.mat,
six_pattern,1,3,spikeSortingData10L.mat,10L.mat,
six_pattern,1,3,spikeSortingData12C.mat,12C.mat,
six_pattern,1,3,spikeSortingData2L.mat,2L.mat,
six_pattern,1,3,spikeSortingData4X.mat,4X.mat,
six_pattern,1,3,spikeSortingData6L.mat,6L.mat,
six_pattern,1,3,spikeSortingData8S.mat,8S.mat,
six_pattern,2,1,spikeSortingData10L.mat,10L.mat,
six_pattern,2,1,spikeSortingData12C.mat,12C.mat,
six_pattern,2,1,spikeSortingData2L.mat,2L.mat,
six_pattern,2,1,spikeSortingData4X.mat,4X.mat,
six_pattern,2,1,spikeSortingData6L.mat,6L.mat,
six_pattern,2,1,spikeSortingData8S.mat,8S.mat,
six_pattern,2,2,spikeSortingData10L.mat,10L.mat,
six_pattern,2,2,spikeSortingData12C.mat,12C.mat,
six_pattern,2,2,spikeSortingData2L.mat,2L.mat,
six_pattern,2,2,spikeSortingData4X.mat,4X.mat,
six_pattern,2,2,spikeSortingData6L.mat,6L.mat,
six_pattern,2,2,spikeSortingData8S.mat,8S.mat,
six_pattern,2,3,spikeSortingData10L.mat,10L.mat,
six_pattern,2,3,spikeSortingData12C.mat,12C.mat,
six_pattern,2,3,spikeSortingData2L.mat,2L.mat,
six_pattern,2,3,spikeSortingData4X.mat,4X.mat,
six_pattern,2,3,spikeSortingData6L.mat,6L.mat,
six_pattern,2,3,spikeSortingData8S.mat,8S.mat,
six_pattern,3,1,10-L3.mat,10-L3-EVENT.mat,
six_pattern,3,1,12-C1.mat,12-C1-EVENT.mat,
six_pattern,3,1,2-L1.mat,2-L1-EVENT.mat,
six_pattern,3,1,4-X2.mat,4-X2-EVENT.mat,
six_pattern,3,1,6-L2.mat,6-L2-EVENT.mat,
six_pattern,3,1,8-S1.mat,8-S1-EVENT.mat,
six_pattern,3,2,10-L3.mat,10-L.mat,
six_pattern,3,2,12-C1.mat,12-C.mat,
six_pattern,3,2,2-L1.mat,2-L.mat,
six_pattern,3,2,4-X2.mat,4-X.mat,
six_pattern,3,2,6-L2.mat,6-L.mat,
six_pattern,3,2,8-S1.mat,8-S.mat,
six_pattern,3,3,10-L3.mat,10-L3-EVENT.mat,
six_pattern,3,3,12-C1.mat,12-C1-EVENT.mat,
six_pattern,3,3,14-Y1.mat,14-Y1-EVENT.mat,
six_pattern,3,3,4-X2.mat,4-X2-EVENT.mat,
six_pattern,3,3,6-L2.mat,6-L2-EVENT.mat,
six_pattern,3,3,8-S1.mat,8-S1-EVENT.mat,
six_pattern,4,1,10-L3.mat,10-L3_EVENT.mat,
six_pattern,4,1,12-C1.mat,12-C1_EVENT.mat,
six_pattern,4,1,2-L1.mat,2-L1_EVENT.mat,
six_pattern,4,1,4-X2.mat,4-X2_EVENT.mat,
six_pattern,4,1,6-L2.mat,6-L2_EVENT.mat,
six_pattern,4,1,8-S1.mat,8-S1_EVENT.mat,
six_pattern,4,2,10-L3.mat,10-L3_EVENT.mat,
six_pattern,4,2,12-C1.mat,12-C1_EVENT.mat,
six_pattern,4,2,2-L1.mat,2-L1_EVENT.mat,
six_pattern,4,2,4-X2.mat,4-X2_EVENT.mat,
six_pattern,4,2,6-L2.mat,6-L2_EVENT.mat,
six_pattern,4,2,8-S1.mat,8-S1_EVENT.mat,
six_pattern,4,3,10-L3.mat,10-L3_EVENT.mat,
six_pattern,4,3,12-C1.mat,12-C1_EVENT.mat,
six_pattern,4,3,2-L1.mat,2-L1_EVENT.mat,
six_pattern,4,3,4-X2.mat,4-X2_EVENT.mat,
six_pattern,4,3,6-L2.mat,6-L2_EVENT.mat,
six_pattern,4,3,8-S1.mat,8-S1_EVENT.mat,
six_pattern,5,1,10-L3.mat,10-L3-EVENT.mat,
six_pattern,5,1,12-C1.mat,12-C1-EVENT.mat,
six_pattern,5,1,2-L1.mat,2-L1-EVENT.mat,
six_pattern,5,1,4-X2.mat,4-X2-EVENT.mat,
six_pattern,5,1,6-L2.mat,6-L2-EVENT.mat,
six_pattern,5,1,8-S1.mat,8-S1-EVENT.mat,
six_pattern,5,2,10-L3.mat,10-L3-EVENT.mat,
six_pattern,5,2,12-C1.mat,12-C1-EVENT.mat,
six_pattern,5,2,2-L1.mat,2-L1-EVENT.mat,
six_pattern,5,2,4-X2.mat,4-X2-EVENT.mat,
six_pattern,5,2,6-L2.mat,6-L2-EVENT.mat,
six_pattern,5,2,8-S1.mat,8-S1-EVENT.mat,
six_pattern,5,3,10-L3.mat,10-L3-EVENT.mat,
six_pattern,5,3,12-C1.mat,12-C1-EVENT.mat,
six_pattern,5,3,2-L1.mat,2-L1-EVENT.mat,
six_pattern,5,3,4-X2.mat,4-X2-EVENT.mat,
six_pattern,5,3,6-L2.mat,6-L2-EVENT.mat,
six_pattern,5,3,8-S1.mat,8-S1-EVENT.mat,
six_pattern,6,1,10-L3.mat,10-L3-EVENT.mat,
six_pattern,6,1,12-C1.mat,12-C1-EVENT.mat,
six_pattern,6,1,2-L1.mat,2-L1-EVENT.mat,
six_pattern,6,1,4-X2.mat,4-X2-EVENT.mat,
six_pattern,6,1,6-L2.mat,6-L2-EVENT.mat,
six_pattern,6,1,8-S1.mat,8-S1-EVENT.mat,
six_pattern,6,2,10-L3.mat,10-L3-EVENT.mat,
six_pattern,6,2,12-C1.mat,12-C1-EVENT.mat,
six_pattern,6,2,2-L1.mat,2-L1-EVENT.mat,
six_pattern,6,2,4-X2.mat,4-X2-EVENT.mat,
six_pattern,6,2,6-L2.mat,6-L2-EVENT.mat,
six_pattern,6,2,8-S1.mat,8-S1-EVENT.mat,
six_pattern,6,3,10-L3.mat,10-L3-EVENT.mat,
six_pattern,6,3,12-C1.mat,12-C1-EVENT.mat,
six_pattern,6,3,2-L1.mat,2-L1-EVENT.mat,
six_pattern,6,3,4-X2.mat,4-X2-EVENT.mat,
six_pattern,6,3,6-L2.mat,6-L2-EVENT.mat,
six_pattern,6,3,8-S1.mat,8-S1-EVENT.mat,
six_pattern,7,1,10_train_L3.mat,10_train_L3.mat,
six_pattern,7,1,12_train_C.mat,12_train_C.mat,
six_pattern,7,1,2_train_L1.mat,2_train_L1.mat,
six_pattern,7,1,4_train_X.mat,4_train_X.mat,
six_pattern,7,1,6_train_L2.mat,6_train_L2.mat,
six_pattern,7,1,8_train_S.mat,8_train_S.mat,
six_pattern,7,2,10_train_L3.mat,10_train_L3.mat,
six_pattern,7,2,12_train_C.mat,12_train_C.mat,
six_pattern,7,2,2_train_L1.mat,2_train_L1.mat,
six_pattern,7,2,4_train_X.mat,4_train_X.mat,
six_pattern,7,2,6_train_L2.mat,6_train_L2.mat,
six_pattern,7,2,8_train_S.mat,8_train_S.mat,
six_pattern,8,1,10-L3.mat,10-L3-EVENT.mat,
six_pattern,8,1,12-C1.mat,12-C1-EVENT.mat,
six_pattern,8,1,2-L1.mat,2-L1-EVENT.mat,
six_pattern,8,1,4-X2.mat,4-X2-EVENT.mat,
six_pattern,8,1,6-L2.mat,6-L2-EVENT.mat,
six_pattern,8,1,8-S1.mat,8-S1-EVENT.mat,
six_pattern,8,2,10-L3.mat,10-L3-EVENT.mat,
six_pattern,8,2,12-C1.mat,12-C1-EVENT.mat,
six_pattern,8,2,2-L1.mat,2-L1-EVENT.mat,
six_pattern,8,2,4-X2.mat,4-X2-EVENT.mat,
six_pattern,8,2,6-L2.mat,6-L2-EVENT.mat,
six_pattern,8,2,8-S1.mat,8-S1-EVENT.mat,
six_pattern,9,1,10_train_L3.mat,10_train_L3_event.mat,
six_pattern,9,1,12_train_C.mat,12_train_C_event.mat,
six_pattern,9,1,2_train_l1.mat,2_train_L1_event.mat,
six_pattern,9,1,4_train_X.mat,4_train_X_event.mat,
six_pattern,9,1,6_train_L2.mat,6_train_L2_event.mat,
six_pattern,9,1,8_trtain_S.mat,8_trtain_S_event.mat,
six_pattern,9,3,10_train_L3.mat,10_train_L3_event.mat,
six_pattern,9,3,12_train_C.mat,12_train_C_event.mat,
six_pattern,9,3,2_train_L1.mat,2_train_L1_event.mat,
six_pattern,9,3,4_train_X.mat,4_train_X_event.mat,
six_pattern,9,3,6_train_L2.mat,6_train_L2_event.mat,
six_pattern,9,3,8_train_S.mat,8_train_S_event.mat,
six_pattern,10,1,10_train_L3.mat,10_train_L3_event.mat,
six_pattern,10,1,12_train_C.mat,12_train_C_event.mat,
six_pattern,10,1,2_train_l1.mat,2_train_L1_event.mat,
six_pattern,10,1,4_train_X.mat,4_train_X_event.mat,
six_pattern,10,1,6_train_L2.mat,6_train_L2_event.mat,
six_pattern,10,1,8_trtain_S.mat,8_trtain_S_event.mat,
six_pattern,10,2,10-L3.mat,10-L3-EVENT.mat,
six_pattern,10,2,12-C1.mat,12-C1-EVENT.mat,
six_pattern,10,2,2-L1.mat,2-L1-EVENT.mat,
six_pattern,10,2,4-X2.mat,4-X2-EVENT.mat,
six_pattern,10,2,6-L2.mat,6-L2-EVENT.mat,
six_pattern,10,2,8-S1.mat,8-S1-EVENT.mat,
six_pattern,10,3,10_train_L3.mat,10_train_L3_event.mat,
six_pattern,10,3,12_train_C.mat,12_train_C_event.mat,
six_pattern,10,3,2_train_L1.mat,2_train_L1_event.mat,
six_pattern,10,3,4_train_X.mat,4_train_X_event.mat,
six_pattern,10,3,6_train_L2.mat,6_train_L2_event.mat,
six_pattern,10,3,8_train_S.mat,8_train_S_EVENT.mat,
