experiment,culture,day,null_mean,null_max,chance
two_pattern,1,1,0.2478,0.3094,0.25
two_pattern,1,2,0.2483,0.2969,0.25
two_pattern,1,3,0.2598,0.3063,0.25
two_pattern,2,1,0.2442,0.2844,0.25
two_pattern,2,2,0.3263,0.3792,0.3333
two_pattern,2,3,0.2511,0.3187,0.25
two_pattern,3,1,0.2558,0.2875,0.25
two_pattern,3,2,0.2441,0.3031,0.25
two_pattern,3,3,0.2495,0.3,0.25
two_pattern,4,1,0.2448,0.2875,0.25
two_pattern,4,2,0.2425,0.2812,0.25
two_pattern,4,3,0.255,0.2969,0.25
two_pattern,5,1,0.2541,0.3,0.25
two_pattern,5,3,0.4862,0.575,0.5
two_pattern,6,1,0.2472,0.2844,0.25
two_pattern,6,2,0.2542,0.3312,0.25
two_pattern,6,3,0.2444,0.2906,0.25
two_pattern,7,1,0.2448,0.2906,0.25
two_pattern,7,2,0.3287,0.375,0.3333
two_pattern,7,3,0.5003,0.5938,0.5
two_pattern,8,1,0.3352,0.3917,0.3333
two_pattern,8,2,0.3296,0.3958,0.3333
two_pattern,8,3,0.3338,0.3917,0.3333
two_pattern,9,1,0.3294,0.4167,0.3333
two_pattern,9,2,0.2481,0.3031,0.25
two_pattern,9,3,0.258,0.3125,0.25
two_pattern,10,1,0.2547,0.3156,0.25
two_pattern,10,2,0.2425,0.2969,0.25
two_pattern,10,3,0.2531,0.3125,0.25
six_pattern,1,1,0.1672,0.2,0.1667
six_pattern,1,2,0.164,0.1875,0.1667
six_pattern,1,3,0.1695,0.1917,0.1667
six_pattern,2,1,0.1703,0.2021,0.1667
six_pattern,2,2,0.1686,0.1917,0.1667
six_pattern,2,3,0.1661,0.1979,0.1667
six_pattern,3,1,0.1609,0.2021,0.1667
six_pattern,3,2,0.1607,0.1958,0.1667
six_pattern,3,3,0.1693,0.1896,0.1667
six_pattern,4,1,0.1673,0.1979,0.1667
six_pattern,4,2,0.1671,0.2,0.1667
six_pattern,4,3,0.1686,0.1896,0.1667
six_pattern,5,1,0.1686,0.1938,0.1667
six_pattern,5,2,0.1601,0.1795,0.1667
six_pattern,5,3,0.1692,0.1944,0.1667
six_pattern,6,1,0.1619,0.1979,0.1667
six_pattern,6,2,0.1661,0.1987,0.1667
six_pattern,6,3,0.1665,0.1923,0.1667
six_pattern,7,1,0.1673,0.2083,0.1667
six_pattern,7,2,0.1696,0.2,0.1667
six_pattern,8,1,0.1685,0.2104,0.1667
six_pattern,8,2,0.1703,0.2042,0.1667
six_pattern,9,1,0.166,0.2083,0.1667
six_pattern,9,3,0.1675,0.2042,0.1667
six_pattern,10,1,0.1682,0.1938,0.1667
six_pattern,10,2,0.1626,0.1875,0.1667
six_pattern,10,3,0.1684,0.1979,0.1667
