experiment,culture,day,svm_block_acc
two_pattern,1,1,0.96
two_pattern,1,3,0.99
two_pattern,2,1,0.985
two_pattern,2,3,0.98
two_pattern,3,1,1.0
two_pattern,3,3,1.0
two_pattern,4,1,1.0
two_pattern,4,3,0.865
two_pattern,5,1,0.6975
two_pattern,6,1,0.7425
two_pattern,6,3,0.7375
two_pattern,7,1,0.8175
two_pattern,9,3,0.975
two_pattern,10,1,0.975
two_pattern,10,3,0.78
six_pattern,1,1,0.6783
six_pattern,1,3,0.4367
six_pattern,2,1,0.665
six_pattern,2,3,0.8483
six_pattern,3,1,0.4717
six_pattern,3,3,0.5917
six_pattern,4,1,0.7467
six_pattern,4,3,0.6
six_pattern,5,1,0.6733
six_pattern,5,3,0.8683
six_pattern,6,1,0.7183
six_pattern,6,3,0.91
six_pattern,7,1,0.8217
six_pattern,8,1,0.76
six_pattern,9,1,0.7333
six_pattern,9,3,0.9833
six_pattern,10,1,0.7333
six_pattern,10,3,0.8517
