experiment,culture,day,n_patterns,acc_paper,mean_rate,n_trials,n_units
two_pattern,1,1,4,0.9912,0.8392,1600,160
two_pattern,1,2,4,0.9994,0.76,1600,158
two_pattern,1,3,4,0.9944,0.5868,1600,143
two_pattern,2,1,4,0.9988,1.4386,1600,182
two_pattern,2,2,3,0.9992,1.2891,1200,174
two_pattern,2,3,4,0.9988,1.5288,1600,183
two_pattern,3,1,4,0.9994,1.3113,1600,189
two_pattern,3,2,4,0.9994,1.4303,1600,176
two_pattern,3,3,4,0.9994,1.1292,1600,183
two_pattern,4,1,4,0.9994,1.3103,1600,189
two_pattern,4,2,4,0.9906,1.0319,1600,206
two_pattern,4,3,4,0.9875,0.8463,1600,200
two_pattern,5,1,4,0.8094,0.2663,1600,185
two_pattern,5,3,2,0.9775,0.3177,800,173
two_pattern,6,1,4,0.885,0.1084,1600,168
two_pattern,6,2,4,0.9013,0.2113,1600,164
two_pattern,6,3,4,0.88,0.092,1600,226
two_pattern,7,1,4,0.9056,0.238,1600,178
two_pattern,7,2,3,0.9492,0.4585,1200,165
two_pattern,7,3,2,0.995,0.2112,800,157
two_pattern,8,1,3,1.0,1.5618,1200,170
two_pattern,8,2,3,0.9992,1.2531,1200,175
two_pattern,8,3,3,0.9992,1.5025,1200,163
two_pattern,9,1,3,0.9992,1.6569,1200,159
two_pattern,9,2,4,0.9975,1.3698,1600,168
two_pattern,9,3,4,0.9919,1.1514,1600,170
two_pattern,10,1,4,0.9906,0.3451,1600,225
two_pattern,10,2,4,0.9725,0.148,1600,236
two_pattern,10,3,4,0.8569,0.1666,1600,211
six_pattern,1,1,6,0.9367,0.6936,2400,199
six_pattern,1,2,6,0.9304,0.3498,2400,198
six_pattern,1,3,6,0.875,0.4607,2400,188
six_pattern,2,1,6,0.9062,0.4276,2400,210
six_pattern,2,2,6,0.9217,0.2507,2400,220
six_pattern,2,3,6,0.9475,0.3114,2400,200
six_pattern,3,1,6,0.7892,0.5658,2400,141
six_pattern,3,2,6,0.9883,1.4651,2400,151
six_pattern,3,3,6,0.7879,1.5693,2400,118
six_pattern,4,1,6,0.9058,0.8485,2400,127
six_pattern,4,2,6,0.4658,0.044,2400,238
six_pattern,4,3,6,0.8513,0.6366,2400,131
six_pattern,5,1,6,0.8746,0.1957,2400,164
six_pattern,5,2,6,0.9654,0.5962,2340,160
six_pattern,5,3,6,0.9752,0.5577,2340,165
six_pattern,6,1,6,0.9079,0.3198,2400,168
six_pattern,6,2,6,0.9346,0.3535,2340,161
six_pattern,6,3,6,0.9833,0.301,2340,176
six_pattern,7,1,6,0.9058,0.0563,2400,216
six_pattern,7,2,6,0.82,0.0115,2400,311
six_pattern,8,1,6,0.9338,1.075,2400,136
six_pattern,8,2,6,0.9092,0.6583,2400,153
six_pattern,9,1,6,0.9479,1.2147,2400,147
six_pattern,9,3,6,0.995,0.5559,2400,284
six_pattern,10,1,6,0.9479,1.2147,2400,147
six_pattern,10,2,6,0.9829,1.6232,2400,129
six_pattern,10,3,6,0.9717,1.3107,2400,143
