group,metric,n_sessions,t1_mean,t2_mean,diff_mean,diff_median,t_stat,p_value,experiment
MCC,hit_count,163,0.803776824289797,0.8838733774197886,0.08009655312999156,0.05882352941176472,1.714668468043403,0.0883183187296938,B_first5_vs_last5
MCC,ace,163,0.5413811221279073,0.5329900056563907,-0.008391116471516859,0.002941176470588225,-0.5784571982783697,0.5637587941673701,B_first5_vs_last5
MCC,long_rally,163,0.07055762037076971,0.09482170137809372,0.024264081007323992,0.04166666666666666,2.8162490186835756,0.0054628914524155105,B_first5_vs_last5
CTL,hit_count,48,0.767259473233738,0.9231954477697512,0.15593597453601324,0.12426900584795328,2.1558923435903496,0.036242917151282125,B_first5_vs_last5
CTL,ace,48,0.5498856797836094,0.5229735388307369,-0.026912140952872365,-0.03262598899208807,-1.0148665865335809,0.3153655486511914,B_first5_vs_last5
CTL,long_rally,48,0.07065921032155552,0.10107020512883517,0.03041099480727964,0.05131578947368421,2.4129480345974987,0.01977736592722403,B_first5_vs_last5
HCC,hit_count,289,0.678565237842183,0.8229234859534976,0.14435824811131465,0.10130718954248363,5.379270047538268,1.5499751919769296e-07,B_first5_vs_last5
HCC,ace,289,0.5555440891342152,0.551812927696593,-0.003731161437622271,0.014285714285714346,-0.35331255741943157,0.7241126070654336,B_first5_vs_last5
HCC,long_rally,289,0.04777214667770872,0.08724618692346633,0.0394740402457576,0.0522875816993464,7.826427998621925,9.625797851867489e-14,B_first5_vs_last5
RST,hit_count,2,0.9236111111111112,0.8904761904761904,-0.03313492063492063,-0.03313492063492063,-1.3149606299212584,0.4139136440432434,B_first5_vs_last5
RST,ace,2,0.5572916666666667,0.6309523809523809,0.07366071428571425,0.07366071428571425,2.5916230366492123,0.23443929113654907,B_first5_vs_last5
RST,long_rally,2,0.09027777777777778,0.0761904761904762,-0.014087301587301586,-0.014087301587301586,-0.3183856502242152,0.803769681577845,B_first5_vs_last5
IS,hit_count,48,0.8445606000735194,0.7341593399986923,-0.11040126007482716,-0.06372465652927839,-3.1981829610586097,0.002476199528032588,B_first5_vs_last5
IS,ace,48,0.5487427264390375,0.5838908388228964,0.03514811238385887,0.021663807890222986,2.358574616237192,0.02255538802622456,B_first5_vs_last5
IS,long_rally,48,0.10539444268655089,0.07212438749607884,-0.03327005519047203,-0.024614100959532745,-3.390019126526978,0.0014241301784099609,B_first5_vs_last5
MCC,hit_count,179,0.801520365402528,0.9238582255233931,0.12233786012086512,0.14327485380116955,2.9012055038475455,0.004186574531994447,B_first5_vs_min6to10
MCC,ace,179,0.5437427280907573,0.5533169352541251,0.009574207163367793,0.0,0.8240095080760552,0.4110368940674072,B_first5_vs_min6to10
MCC,long_rally,179,0.07117124028132037,0.0958152881838822,0.024644047902561833,0.031746031746031744,3.3072847727122614,0.0011397235518332592,B_first5_vs_min6to10
CTL,hit_count,80,0.8086969031033467,0.7400768081355349,-0.06862009496781167,-0.052777777777777785,-1.6053266316744086,0.11241228402759075,B_first5_vs_min6to10
CTL,ace,80,0.5327422493120055,0.5619354913017839,0.02919324198977837,0.0304953560371517,1.669031440998154,0.09906974467568001,B_first5_vs_min6to10
CTL,long_rally,80,0.07705500730994153,0.07050609059413238,-0.006548916715809132,0.0,-0.613866738000416,0.5410670726021944,B_first5_vs_min6to10
HCC,hit_count,296,0.6808083973815398,0.9493299457018498,0.26852154832030994,0.14327485380116955,6.330123161433561,9.095187072512481e-10,B_first5_vs_min6to10
HCC,ace,296,0.5556694411522198,0.5634756006853531,0.007806159533133221,0.007017543859649145,0.8825676646516376,0.3781885046122391,B_first5_vs_min6to10
HCC,long_rally,296,0.04843978558665091,0.08074106612225808,0.032301280535607164,0.0522875816993464,6.7426689467267575,8.187789968366417e-11,B_first5_vs_min6to10
RST,hit_count,117,0.6975933169326709,0.7564888996883389,0.05889558275566785,0.03902439024390242,2.278471828708289,0.024528695438844606,B_first5_vs_min6to10
RST,ace,117,0.5944280828630312,0.5814210694662735,-0.013007013396757685,-0.004662004662004726,-1.121117581145901,0.26455337954040625,B_first5_vs_min6to10
RST,long_rally,117,0.06672096311671949,0.08350325484676559,0.01678229173004609,0.020123839009287922,2.937778785815771,0.00398864052069505,B_first5_vs_min6to10
IS,hit_count,48,0.8445606000735194,0.7779914975146869,-0.06656910255883261,-0.06852802441731415,-1.5957767912918401,0.11724162625218786,B_first5_vs_min6to10
IS,ace,48,0.5487427264390375,0.5545256425203221,0.005782916081284599,-0.002461033634126364,0.37142117032039274,0.7119930165452864,B_first5_vs_min6to10
IS,long_rally,48,0.10539444268655089,0.07751960456840279,-0.027874838118148088,-0.01816239316239316,-2.4209455560270583,0.019395852677411764,B_first5_vs_min6to10
