group,chip,n_sessions,frac_improved,sign_p,mean_diff
MCC,11614,9,0.8888888888888888,0.0390625,0.36395999745425556
MCC,11619,9,0.8888888888888888,0.0390625,0.28278290204573375
MCC,11621,9,0.8888888888888888,0.0390625,0.29646653508158816
MCC,12123,9,0.3333333333333333,0.5078125,-0.14204727581001453
MCC,12138,21,0.42857142857142855,0.6636238098144531,-0.2366778142630692
MCC,12250,9,0.8888888888888888,0.0390625,0.29011708990947604
MCC,12265,12,0.5833333333333334,0.7744140625,0.0846584086787432
MCC,12285,21,0.5238095238095238,1.0,-0.10525498670766546
MCC,9323,8,0.875,0.0703125,0.2427167818881939
MCC,9431,12,0.75,0.14599609375,0.21974043286036607
MCC,9501,54,0.6111111111111112,0.13367423536410522,0.048364393999210525
CTL,6542,10,0.4,0.75390625,-0.16762702170766372
CTL,7963,15,0.4666666666666667,1.0,-0.009409513351215553
CTL,8137,20,0.5,1.0,0.02474187290998509
CTL,8225,15,0.26666666666666666,0.11846923828124999,-0.23011671284793866
CTL,8751,10,0.8,0.109375,0.14436806397343896
CTL,9751,10,0.4,0.75390625,-0.08381931265942763
HCC,11570,18,0.3888888888888889,0.480682373046875,-0.04600826007686682
HCC,11597,21,0.47619047619047616,1.0,0.07790435411608211
HCC,11609,23,0.6521739130434783,0.21003961563110352,0.10323024075337751
HCC,11613,12,0.75,0.14599609375,0.08082670664565353
HCC,11615,12,0.5833333333333334,0.7744140625,0.17192587734288498
HCC,11618,21,0.6666666666666666,0.18924713134765625,-0.01771634685869496
HCC,11623,14,0.6428571428571429,0.4239501953125,0.03985598188789701
HCC,7278,10,1.0,0.001953125,0.6899289025447659
HCC,7282,36,0.8333333333333334,6.960169412195683e-05,0.27006115432523986
HCC,7890,24,0.9583333333333334,2.9802322387695312e-06,0.42053167057197305
HCC,9353,21,0.6666666666666666,0.18924713134765625,0.08196704147562103
HCC,9358,33,0.8181818181818182,0.0003240634687244892,0.18378082340009466
HCC,9468,12,0.5,1.0,-0.20966210468177093
HCC,9495,36,0.7222222222222222,0.011330984183587134,0.11964554850814219
RST,11570,6,0.5,1.0,0.14628166288854952
RST,11597,7,0.42857142857142855,1.0,0.06665920875258968
RST,11609,6,0.6666666666666666,0.6875,0.058990109386469126
RST,11613,4,1.0,0.125,0.13045335609673844
RST,11615,4,0.5,1.0,-0.008443275635613132
RST,11618,7,0.42857142857142855,1.0,-0.011512137772641975
RST,12138,7,0.0,0.015625,-0.28441570987273607
RST,12285,7,0.5714285714285714,1.0,0.11654738507652995
RST,9353,7,0.7142857142857143,0.453125,0.24268298736950203
RST,9358,11,0.45454545454545453,1.0,-0.0047195590767924005
RST,9431,4,0.0,0.125,-0.16134348621771222
RST,9468,4,0.75,0.625,0.11691208014737431
RST,9495,12,0.6666666666666666,0.3876953125,0.08559213773780204
RST,9501,8,0.625,0.7265625,0.14573633081506016
IS,3,48,0.3958333333333333,0.19341265286193737,-0.09621150999469393
