group,minute,mean_hit,sem_hit,mean_n,n_sessions,group_name
0,0,1.0487108655616943,0.05399566648576344,3.552486187845304,181,MCC
0,1,0.7166666666666667,0.053774919441751556,3.7247191011235956,178,MCC
0,2,0.811487758945386,0.06655515128628853,3.6553672316384183,177,MCC
0,3,0.9310986964618249,0.10261825570376241,3.4804469273743015,179,MCC
0,4,1.0416666666666665,0.09165724036796798,3.449438202247191,178,MCC
0,5,0.9199438202247191,0.0576737670864837,3.308988764044944,178,MCC
0,6,1.2364232209737829,0.13364015995039374,3.3876404494382024,178,MCC
0,7,1.0055871212121212,0.09842258870162367,3.4431818181818183,176,MCC
0,8,1.3033519553072626,0.2042806764853054,3.340782122905028,179,MCC
0,9,1.0236499068901304,0.08037959748221873,3.430167597765363,179,MCC
0,10,0.9067901234567901,0.09607734610582798,3.5555555555555554,162,MCC
0,11,0.9840490797546012,0.11397472022553777,3.4723926380368098,163,MCC
0,12,1.0786298568507158,0.081234068663983,3.3803680981595092,163,MCC
0,13,1.252469135802469,0.10125104834984662,3.0246913580246915,162,MCC
0,14,1.325672877846791,0.10254114646837166,3.391304347826087,161,MCC
0,15,1.0414609053497943,0.08608179257221726,3.4012345679012346,162,MCC
0,16,1.0871399176954732,0.07392774750899,3.3395061728395063,162,MCC
0,17,1.0563786008230451,0.09709286099510062,3.3703703703703702,162,MCC
0,18,0.9569529652351737,0.0965306405113285,3.558282208588957,163,MCC
0,19,0.9367075664621677,0.08020172516247373,3.374233128834356,163,MCC
0,20,0.0,,1.0,1,MCC
1,0,1.08,0.06869437399295598,3.575,80,CTL
1,1,0.6625,0.060907272561773806,3.5625,80,CTL
1,2,0.9291666666666666,0.08476382967621472,3.5375,80,CTL
1,3,0.8627083333333333,0.08572734420726692,3.45,80,CTL
1,4,0.9652083333333333,0.1229148139565728,3.475,80,CTL
1,5,0.921875,0.07980152603484128,3.4625,80,CTL
1,6,0.9110416666666665,0.08518509246355203,3.5,80,CTL
1,7,0.6439583333333333,0.0727977443427984,3.8,80,CTL
1,8,0.819375,0.11031593954686829,3.4625,80,CTL
1,9,0.86875,0.09678071213423449,3.625,80,CTL
1,10,0.85,0.1029652944047258,3.625,48,CTL
1,11,0.9520833333333333,0.10923838281908914,3.4791666666666665,48,CTL
1,12,0.6131944444444445,0.08850383642304474,3.7916666666666665,48,CTL
1,13,0.7567375886524823,0.11397906452223938,3.723404255319149,47,CTL
1,14,0.6895833333333333,0.09041922679427243,3.5208333333333335,48,CTL
1,15,1.1239583333333332,0.13272699960762466,3.375,48,CTL
1,16,1.0697916666666667,0.13933880105700616,3.2291666666666665,48,CTL
1,17,1.2090277777777778,0.16302686179522072,3.3958333333333335,48,CTL
1,18,0.8864583333333332,0.10872095620651716,3.4583333333333335,48,CTL
1,19,1.0833333333333333,0.2677660920711242,3.4791666666666665,48,CTL
2,0,0.9129504504504505,0.02423980905617205,3.6587837837837838,296,HCC
2,1,0.6492278719397363,0.05576200575395343,3.8610169491525426,295,HCC
2,2,0.6754786036036036,0.045258334854455726,3.7432432432432434,296,HCC
2,3,0.7296529459241324,0.03613273473556837,3.5796610169491525,295,HCC
2,4,0.7634947447447448,0.04519543730785911,3.695945945945946,296,HCC
2,5,0.8314058956916099,0.04185964335960302,3.2653061224489797,294,HCC
2,6,1.2588690476190476,0.12073879409155341,3.4392857142857145,280,HCC
2,7,1.3166085946573751,0.1810979525696546,3.442508710801394,287,HCC
2,8,1.1403716216216218,0.0894018478594846,3.4864864864864864,296,HCC
2,9,0.8130912162162163,0.04214844492290701,3.6013513513513513,296,HCC
2,10,0.7521018062397372,0.0334426987674867,3.6586206896551725,290,HCC
2,11,0.8271626297577855,0.043306410090407296,3.5017301038062283,289,HCC
2,12,0.842156862745098,0.0395602037214717,3.4671280276816607,289,HCC
2,13,1.2451967592592592,0.0800558269377385,3.2118055555555554,288,HCC
2,14,1.115513264129181,0.05911405357606627,3.3183391003460208,289,HCC
2,15,1.0203575547866206,0.05394006624040448,3.3494809688581313,289,HCC
2,16,0.8852941176470588,0.04058574871610227,3.546712802768166,289,HCC
2,17,0.9146412037037037,0.06894835255728139,3.5277777777777777,288,HCC
2,18,0.894131455399061,0.06746678868143954,3.5211267605633805,284,HCC
2,19,1.1087995337995338,0.0896894149640042,3.486013986013986,286,HCC
3,0,0.8811253561253561,0.038294618193540374,6.35042735042735,117,RST
3,1,0.7022792022792024,0.04197164682824873,7.0256410256410255,117,RST
3,2,0.638244471577805,0.043065839346298984,7.358974358974359,117,RST
3,3,0.6698582281915615,0.04634881527042616,7.188034188034188,117,RST
3,4,0.8129290462623795,0.04427340123276962,6.905982905982906,117,RST
3,5,0.667636684303351,0.04466712085778719,7.17948717948718,117,RST
3,6,0.8323192239858906,0.04026412205925388,6.786324786324786,117,RST
3,7,0.7506172839506173,0.061430747470723995,7.2905982905982905,117,RST
3,8,0.8686406186406186,0.052495135198770894,6.615384615384615,117,RST
3,9,0.9296398046398046,0.06307257148571821,6.726495726495727,117,RST
3,10,0.8291666666666666,0.2804352052096663,4.4,10,RST
3,11,0.8214285714285714,0.32142857142857134,6.5,2,RST
3,12,1.1944444444444444,0.9722222222222222,7.5,2,RST
3,13,0.5982142857142857,0.0267857142857143,7.5,2,RST
3,14,0.9523809523809523,0.3809523809523809,6.5,2,RST
3,15,0.2857142857142857,0.0,7.0,2,RST
3,16,1.1428571428571428,0.1428571428571429,7.0,2,RST
3,17,0.5714285714285714,0.14285714285714285,7.0,2,RST
3,18,0.8928571428571429,0.3928571428571429,7.5,2,RST
3,19,2.8333333333333335,1.6666666666666665,4.0,2,RST
4,0,0.8108188686313685,0.05862029017463727,9.104166666666666,48,IS
4,1,1.0735524313649314,0.09570036376981396,9.166666666666666,48,IS
4,2,0.8223573879823879,0.04544019068070348,9.75,48,IS
4,3,0.8645440786065786,0.06965342285186647,10.375,48,IS
4,4,0.8066070503570503,0.06413960597897177,10.625,48,IS
4,5,0.78696269008769,0.06801661196574056,10.375,48,IS
4,6,0.7669431841306841,0.05232377071556513,10.5,48,IS
4,7,0.8319889023014023,0.07198124312175068,10.333333333333334,48,IS
4,8,0.7851968633218633,0.05284176627438012,10.5625,48,IS
4,9,0.9088210978835979,0.09554752134020579,9.9375,48,IS
4,10,0.8299125064750065,0.05054572758023983,10.479166666666666,48,IS
4,11,0.7566261285011285,0.053203602885240335,10.3125,48,IS
4,12,0.8054734039109039,0.04913040677415932,10.479166666666666,48,IS
4,13,0.6650034571909572,0.055457817532649945,11.0625,48,IS
4,14,0.8290986790986791,0.06464400502158715,10.3125,48,IS
4,15,0.8024028055278055,0.05740643965968951,10.270833333333334,48,IS
4,16,0.7399582477707477,0.06987945295212199,10.958333333333334,48,IS
4,17,0.7664002085877085,0.05489603271009449,10.395833333333334,48,IS
4,18,0.7211336695711695,0.052418191417759157,10.5,48,IS
4,19,0.7825308372183372,0.05931074781041109,10.229166666666666,48,IS
