experiment,window,group,n,diff,t,p
G_bump_excluded,T1(0-5) vs min 9-20,MCC,179,0.0628,1.69,0.0925
G_bump_excluded,T1(0-5) vs min 9-20,CTL,80,-0.005,-0.09,0.927
G_bump_excluded,T1(0-5) vs min 9-20,HCC,296,0.1183,6.34,8.65e-10
G_bump_excluded,T1(0-5) vs min 9-20,RST,117,0.227,3.58,0.000496
G_bump_excluded,T1(0-5) vs min 9-20,IS,48,-0.0971,-2.98,0.00452
G_bump_only,T1(0-5) vs min 6-9,MCC,179,0.307,1.87,0.0629
G_bump_only,T1(0-5) vs min 6-9,CTL,80,-0.0968,-2.03,0.0452
G_bump_only,T1(0-5) vs min 6-9,HCC,296,0.5107,5.76,2.11e-08
G_bump_only,T1(0-5) vs min 6-9,RST,117,0.083,2.51,0.0133
G_bump_only,T1(0-5) vs min 6-9,IS,48,-0.0751,-1.59,0.118
