experiment,metric,group,t,p,n,dmean
A2_final_design,hit_count,MCC,3.294332914518533,0.0014170775215742082,90,0.15445487485335582
A2_final_design,hit_count,CTL,-1.3660808123673034,0.17578987550464467,80,-0.0521104829840517
A2_final_design,hit_count,HCC,5.331953695484181,6.551177382164787e-07,96,0.16247371035624023
A2_final_design,hit_count,RST,3.1870761459306514,0.0022990283333102347,60,0.12243557969464257
A2_final_design,hit_count,IS,-2.885809513827216,0.005878826722010048,48,-0.09621150999469393
A2_final_design,ace,MCC,-1.420121303515154,0.159065977219513,90,-0.02090443382536631
A2_final_design,ace,CTL,2.1386906718373084,0.0355499888096256,80,0.03252883589756321
A2_final_design,ace,HCC,-0.5527647702299983,0.5817228427794567,96,-0.0065858210649589076
A2_final_design,ace,RST,-2.469193455617295,0.016455956957523946,60,-0.04099386849245574
A2_final_design,ace,IS,1.498983036832198,0.14056538730069168,48,0.019327317437339685
A2_final_design,long_rally,MCC,4.439939279103116,2.5745487467252417e-05,90,0.03915483244446371
A2_final_design,long_rally,CTL,-0.25749071813227087,0.7974695009877815,80,-0.0024859989823645345
A2_final_design,long_rally,HCC,7.950209490840401,3.8324744782173875e-12,96,0.04532660353152853
A2_final_design,long_rally,RST,3.4328876565330053,0.0010977657101881471,60,0.026522334108436615
A2_final_design,long_rally,IS,-3.2919743654043954,0.001893208787857386,48,-0.03253590411922467
