idx,protocol,date,celltype,condition,ntraces,event_ms,cog_ms,peak_time_ms,peak_amp,baseline,base_sd,area,ev_theirs,cog_theirs
0,12EARLY,230401,chr2,red/max,9,116.30000000000001,345.7777777777778,646.9000000000001,20.583557516302214,-64.37947231630221,0.48310488078085934,118212.99200490184,116.5,345.9777777777778
1,12EARLY,230401,pyr,red/max,9,233.55,288.1666666666667,851.7,24.8678552623876,-70.02288878079555,1.7103689516353675,45646.633872738836,233.75,288.3666666666667
2,12EARLY,230401,pyr,red/max,7,215.0,287.62857142857143,413.3,21.232879233482493,-64.74647787626857,2.0911179810231775,36232.90700103932,215.20000000000002,287.8285714285714
3,12EARLY,230401,pyr,red/max/C1back,5,74.85000000000001,226.20000000000002,82.7,21.520899981722117,-67.288254457344,0.4682834137228361,27867.242592314644,75.05,226.4
4,12EARLY,230401,chr2,red/max/12,8,24.400000000000002,308.7875,570.45,11.431117283545582,-63.42654465866999,0.49505527988395603,36382.262605724696,24.6,308.9875
5,12EARLY,230401,pyr,red/max/12,8,41.0,159.425,85.75,8.73036575298049,-67.37328893307999,2.4982319624646614,47192.2453541337,41.2,159.6125
6,12EARLY,230401,pyr,red/max/12,7,584.6,241.14285714285717,147.1,11.85960504409293,-69.45982372668,0.6061863478147347,13383.451958338399,584.8000000000001,241.34285714285716
7,12EARLY,230429,chr2,red/max,6,143.8,200.5,84.9,5.642237031017011,-63.68783601708666,1.5626618321495374,6210.577341949067,144.0,200.68333333333334
8,12EARLY,230429,pyr,red/max,6,122.7,174.9,86.10000000000001,11.335761305462803,-66.84599519401999,0.872639367543631,9161.266564561127,122.9,175.10000000000002
9,12EARLY,230429,chr2,red/max,16,27.150000000000002,143.59375,56.75,6.447391359305115,-67.41422755632,5.725902347787097,32276.76695499776,27.35,143.78125
10,12EARLY,230429,pyr,red/max,15,31.200000000000003,193.4,59.300000000000004,13.360832217534927,-70.10934420559464,1.6224281456279293,45844.315983863344,31.400000000000002,193.59333333333336
11,12EARLY,230501,chr2,red/max,5,82.60000000000001,210.51999999999998,59.0,10.31155498819109,-69.14924606480798,0.5695690804863401,15921.439639763701,82.80000000000001,210.72
12,12EARLY,230501,pyr,red/max,5,202.8,202.02,54.5,12.530909707801989,-67.947286509792,0.40472896296222466,21116.27115207249,203.0,202.22000000000003
13,12EARLY,230501,chr2,red/max,12,63.6,176.9,117.05000000000001,19.103340286095424,-68.92833393584665,0.6718455031173819,40641.376031629225,63.800000000000004,177.10000000000002
14,12EARLY,230501,pyr,red/max,12,73.3,165.15,114.55000000000001,18.16081845019339,-64.62731244820333,0.4830142513180025,38621.22440775516,73.5,165.35000000000002
15,12EARLY,230502,pyr,red/max,9,192.5,367.7555555555556,516.5,22.08774672889377,-65.8125618214311,0.346748518706583,58725.31617831378,192.70000000000002,367.9555555555556
16,12EARLY,230502,pyr,red/max,9,45.900000000000006,194.42222222222222,77.0,11.446810133312425,-64.89767603579999,0.7001347483770419,38709.38510086857,46.1,194.60000000000002
17,12EARLY,230502,pyr,red/max,9,44.7,167.0888888888889,78.4,12.961125605824229,-73.87288499288887,0.2425664107078582,42873.592071690495,44.900000000000006,167.2888888888889
18,12EARLY,230504,chr2,red/max,5,34.6,181.3,70.5,6.33133993186717,-68.80516460450399,0.42729433015947,18312.4621542671,34.800000000000004,181.5
19,12EARLY,230504,pyr,red/max,5,31.3,177.08,64.10000000000001,18.1832987987966,-68.721524215712,0.41440732782028883,62677.40367417679,31.5,177.28
20,12EARLY,230504,chr2,red/max,8,43.800000000000004,235.76250000000002,69.2,4.638528183175374,-63.87885916824999,1.0055933748758639,10283.29704013742,44.0,235.88750000000002
21,12EARLY,230504,pyr,red/max,8,34.75,136.70000000000002,69.85000000000001,12.958820534850503,-66.147490113955,1.7729653297338617,40091.22044869548,34.95,136.875
22,12EARLY,230504,pyr,red/max,7,278.05,240.8,444.8,13.061046857940894,-69.84909922211999,1.709576710358568,21726.214018141312,278.25,240.98571428571427
23,12EARLY,230504,chr2,red/max,7,62.95,137.22857142857143,100.80000000000001,7.719104201244257,-71.65843111865713,0.8687305565848672,22494.04749289435,63.150000000000006,137.42857142857142
24,12EARLY,230504,pyr,red/max,7,55.400000000000006,131.65714285714287,94.80000000000001,14.315221712317111,-72.03289097002855,0.9920933942872804,36862.079505482376,55.6,131.85714285714286
25,12EARLY,230501,chr2,red/max,7,273.5,363.84285714285716,510.70000000000005,15.142120135514922,-66.30096679621143,0.5962131224337364,54030.301081635094,273.7,364.0428571428572
26,12EARLY,230501,pyr,red/max,10,239.20000000000002,315.93000000000006,79.60000000000001,13.960564749137518,-66.92098404864001,1.1168641903102927,23680.112922968467,239.4,316.12
27,12EARLY,230501,chr2,red/max,16,306.45,320.98125000000005,361.65000000000003,23.774770544603918,-66.6337106878875,1.167325768948111,12818.633938756413,306.65000000000003,321.15625
28,12EARLY,230501,pyr,red/max,8,502.3,230.925,81.55000000000001,17.78829198748214,-65.85833750190999,0.5786341107498265,49746.40821494897,502.5,231.125
29,12EARLY,230504,pyr,red/max,7,311.6,259.92857142857144,50.900000000000006,28.48176531962465,-63.82228764798286,2.381625356527489,76683.22365231081,311.8,260.11428571428576
30,VERYLATE,230502,pyr,red/max,5,871.2,331.14000000000004,907.2,40.25068696190913,-66.912894836536,2.6872254296960643,120919.50225065218,871.4000000000001,331.34000000000003
31,VERYLATE,230502,pyr,red/max,7,665.3000000000001,216.44285714285718,922.2,38.52655273264694,-70.28215696946286,0.7942813768630268,48416.878733043166,665.5,216.64285714285717
32,VERYLATE,230502,pyr,red/max,7,706.0500000000001,234.98571428571427,745.9000000000001,25.033181416853218,-75.09035506063428,0.6122226924670557,49688.79019822512,706.25,235.20000000000002
33,VERYLATE,230502,chr2,red/max,10,404.8,431.6,538.25,13.285813327127073,-68.09195184453999,2.3844483381723176,32843.405767317105,405.0,431.8
34,VERYLATE,230328,pyr,red/below/half,10,486.65000000000003,460.36000000000007,517.25,22.19299247473164,-68.86983640906,1.235203337718559,38303.25422336174,486.85,460.55
35,VERYLATE,230328,pyr,red/below/half,10,477.6,456.64,573.35,9.498352803596816,-70.657471371756,0.5348357779233293,19450.506898460044,477.8,456.84
36,VERYLATE,230328,pyr,red/max,6,28.6,224.88333333333335,273.8,24.377515698641417,-71.43282077625334,2.169861778335288,65815.55570459204,28.8,225.08333333333337
37,VERYLATE,230329,chr2,red/half,5,42.800000000000004,226.84000000000003,573.9,13.792252236203936,-69.38830135859199,0.556362133727105,26506.83265098821,43.0,227.04000000000002
38,VERYLATE,230329,pyr,red/half,6,600.65,273.83333333333337,609.5500000000001,18.04604045446886,-69.34940483357333,4.272373644989863,24365.210661520392,600.85,274.01666666666665
39,VERYLATE,230329,pyr,red/max,7,656.6,481.1285714285715,666.9000000000001,35.53655761435172,-64.72966880241142,0.5766462037794188,98513.99118279567,656.8000000000001,481.3285714285715
40,VERYLATE,230329,pyr,red/max,7,616.3000000000001,489.27142857142854,678.6,40.311786196971795,-63.76950578105141,0.4994501086819776,92311.80471080386,616.5,489.47142857142853
41,VERYLATE,230329,chr2,red/max,9,579.15,365.8,599.3000000000001,19.017729252742555,-64.66897092836444,1.0236752054949168,37392.876675946056,579.35,365.9222222222222
42,VERYLATE,230401,chr2,red/max,9,367.35,367.32222222222225,565.4,15.978999312567957,-66.49378326082666,1.2346160014924066,23916.86959272887,367.55,367.5
43,VERYLATE,230401,pyr,red/max,9,754.85,332.52222222222224,631.7,32.83407472387344,-67.49677071989333,3.323138452369096,49495.48731080284,755.0500000000001,332.73333333333335
44,VERYLATE,230401,chr2,red/max,5,341.6,345.74,730.8000000000001,21.150988584797787,-66.07876755395199,0.6455179002925545,31812.289702150094,341.8,345.94000000000005
45,VERYLATE,230401,pyr,red/max,5,327.6,325.26,732.2,25.14591478475608,-70.668213180776,0.44199683946228885,41771.00734922911,327.8,325.46000000000004
46,VERYLATE,230401,pyr,red/max/12,5,814.6,204.12,798.5,21.562735774119993,-62.24804977411999,0.956363929472658,48106.82291631713,814.8000000000001,204.32000000000002
47,VERYLATE,230401,pyr,red/max/12,5,558.9,218.51999999999998,806.7,17.301763663912,-60.226832463912,3.0819239566363774,28811.86719649792,559.1,218.72
48,VERYLATE,230429,chr2,red/max,7,585.15,382.91428571428577,687.7,19.573836225709563,-61.76525698590856,0.6934488517395521,61130.518329353596,585.35,383.11428571428576
49,VERYLATE,230429,pyr,red/max,6,598.5,348.28333333333336,683.4000000000001,35.212056924833625,-69.50343671289332,0.34807908783122277,137866.093287492,598.7,348.48333333333335
50,VERYLATE,230429,pyr,red/max,16,509.75,313.3625,739.8000000000001,24.683014602983548,-67.63297666169,3.4394106831429503,35435.500491089704,509.95000000000005,313.54375000000005
51,VERYLATE,230429,pyr,red/max,14,455.3,372.62857142857143,782.45,13.326949100849774,-67.30375825308856,2.867777772058399,31191.96453533809,455.5,372.8214285714286
52,VERYLATE,230501,pyr,red/max,17,574.0,308.95294117647063,784.4000000000001,20.448777721696942,-67.36972001025413,2.1622724734932586,29522.452351765627,574.2,309.1352941176471
53,VERYLATE,230501,chr2,red/max,8,481.8,290.55,384.15000000000003,10.826787153588398,-66.72794781727,0.8141541123835915,15732.107744204699,482.0,290.7625
54,VERYLATE,230501,pyr,red/max,7,243.10000000000002,353.1,546.9,20.00877270100284,-71.45023955871429,0.6661200232835549,42185.20396146233,243.3,353.3
55,VERYLATE,230502,chr2,red/max,12,341.75,365.7166666666667,654.1500000000001,11.790637093072505,-61.44235846023666,1.329860792649356,43779.03281727151,341.95000000000005,365.9166666666667
56,VERYLATE,230502,pyr,red/max,10,642.7,375.18000000000006,694.3000000000001,42.6966837614451,-73.069013317664,2.62529159361464,154658.31063092907,642.9000000000001,375.39000000000004
57,VERYLATE,230502,pyr,red/max,8,358.8,385.76250000000005,850.25,31.026729701130925,-65.545561664315,0.5228623321061607,73875.65226222898,359.0,385.96250000000003
58,VERYLATE,230502,chr2,red/max,7,504.1,462.47142857142853,759.3000000000001,16.391415133711483,-63.75800376057714,0.8884998030166115,56574.21538273285,504.3,462.65714285714284
59,VERYLATE,230502,pyr,red/max,6,287.8,358.4166666666667,282.55,19.210618276275333,-68.38683659667333,1.6499499584243957,22788.852561018066,288.0,358.6
60,VERYLATE,230502,chr2,red/max,8,379.70000000000005,325.45000000000005,657.8000000000001,21.21458098147552,-66.79938996057999,1.1827298530856503,26812.688380817403,379.90000000000003,325.65000000000003
61,VERYLATE,230502,pyr,red/max,9,512.1,266.5111111111111,858.5,33.5713782899424,-66.1531802819822,1.4471135956675423,33168.0101939896,512.3000000000001,266.71111111111117
62,VERYLATE,230504,chr2,red/max,5,345.25,385.06,368.3,6.62040266111989,-63.856716105895984,1.7393721223660104,19878.3347854317,345.45000000000005,385.26
63,VERYLATE,230504,pyr,red/max,5,331.90000000000003,342.86,387.0,15.908320619355074,-68.93304433676799,1.1977079321112716,28789.122852564848,332.1,343.06
64,VERYLATE,230504,pyr,red/max,5,295.6,328.16,668.5,12.7666678769286,-65.67663177145599,0.22289407347306633,16796.41833570809,295.8,328.36
