idx,protocol,condnum,date,slice,cell,run,channum,condition,celltype,ntraces,nsamp,median_event,cog,epsp_amp,tmax
0,12EARLY,230401_S2C1_03.mat,230401,2,1,03,1,red/max,chr2,9,30000,116.5,345.9777777777778,20.61104623644431,647.1
1,12EARLY,230401_S2C2_02.mat,230401,2,2,02,2,red/max,pyr,9,30000,233.75,288.3666666666667,24.867716806547158,851.9000000000001
2,12EARLY,230401_S2C2_02.mat,230401,2,2,02,1,red/max,pyr,7,30000,215.20000000000002,287.8285714285714,21.233156958855872,413.5
3,12EARLY,230401_S2C2_04.mat,230401,2,2,04,2,red/max/C1back,pyr,5,30000,75.05,226.4,21.52048183517568,82.9
4,12EARLY,230401_S3C1_03.mat,230401,3,1,03,1,red/max/12,chr2,8,30000,24.6,308.9875,11.431155381442863,570.65
5,12EARLY,230401_S3C2_02.mat,230401,3,2,02,1,red/max/12,pyr,8,30000,41.2,159.6125,8.731258517779764,85.95
6,12EARLY,230401_S3C2_06.mat,230401,3,2,06,1,red/max/12,pyr,7,30000,584.8000000000001,241.34285714285716,11.859299274956967,147.3
7,12EARLY,230429_S2C1_02.mat,230429,2,1,02,1,red/max,chr2,6,30000,144.0,200.68333333333334,5.6424224988426985,85.10000000000001
8,12EARLY,230429_S2C1_02.mat,230429,2,1,02,2,red/max,pyr,6,30000,122.9,175.10000000000002,11.335832459897496,86.30000000000001
9,12EARLY,230429_S4C1_02.mat,230429,4,1,02,1,red/max,chr2,16,30000,27.35,143.78125,6.44734558972354,56.95
10,12EARLY,230429_S4C1_02.mat,230429,4,1,02,2,red/max,pyr,15,30000,31.400000000000002,193.59333333333336,13.360453153075404,59.5
11,12EARLY,230501_S1C2_02.mat,230501,1,2,02,1,red/max,chr2,5,30000,82.80000000000001,210.72,10.311457444317867,59.2
12,12EARLY,230501_S1C2_02.mat,230501,1,2,02,2,red/max,pyr,5,30000,203.0,202.22000000000003,12.530842197892433,54.7
13,12EARLY,230501_S4C2_04.mat,230501,4,2,04,1,red/max,chr2,12,30000,63.800000000000004,177.10000000000002,19.10342259207659,117.25
14,12EARLY,230501_S4C2_04.mat,230501,4,2,04,2,red/max,pyr,12,30000,73.5,165.35000000000002,18.160921097957328,114.75
15,12EARLY,230502_S4C1_02.mat,230502,4,1,02,2,red/max,pyr,9,30000,192.70000000000002,367.9555555555556,22.08774088339083,516.7
16,12EARLY,230502_S4C2_04.mat,230502,4,2,04,2,red/max,pyr,9,30000,46.1,194.60000000000002,11.44672540400741,77.2
17,12EARLY,230502_S4C2_04.mat,230502,4,2,04,1,red/max,pyr,9,30000,44.900000000000006,167.2888888888889,12.961026389698354,78.60000000000001
18,12EARLY,230504_S1C1_03.mat,230504,1,1,03,1,red/max,chr2,5,30000,34.800000000000004,181.5,6.33150841400262,70.7
19,12EARLY,230504_S1C1_03.mat,230504,1,1,03,2,red/max,pyr,5,30000,31.5,177.28,18.18336322604661,64.3
20,12EARLY,230504_S1C2_02.mat,230504,1,2,02,2,red/max,chr2,8,30000,44.0,235.88750000000002,4.638504086691064,69.4
21,12EARLY,230504_S1C2_02.mat,230504,1,2,02,1,red/max,pyr,8,30000,34.95,136.875,12.958879777195705,70.05
22,12EARLY,230504_S3C1_03.mat,230504,3,1,03,2,red/max,pyr,7,30000,278.25,240.98571428571427,13.061113456556257,445.0
23,12EARLY,230504_S3C2_03.mat,230504,3,2,03,2,red/max,chr2,7,30000,63.150000000000006,137.42857142857142,7.718884777022787,101.0
24,12EARLY,230504_S3C2_03.mat,230504,3,2,03,1,red/max,pyr,7,30000,55.6,131.85714285714286,14.315078205965406,95.0
25,12EARLY,230501_S1C1_02.mat,230501,1,1,02,1,red/max,chr2,7,30000,273.7,364.0428571428572,15.142645094110044,510.90000000000003
26,12EARLY,230501_S4C1_03.mat,230501,4,1,03,2,red/max,pyr,10,30000,239.4,316.12,13.95974971815616,79.80000000000001
27,12EARLY,230501_S2C1_02.mat,230501,2,1,02,1,red/max,chr2,16,30000,306.65000000000003,321.15625,23.775754340249854,361.85
28,12EARLY,230501_S2C2_03.mat,230501,2,2,03,2,red/max,pyr,8,30000,502.5,231.125,17.788169936974924,81.75
29,12EARLY,230504_S4C2_04.mat,230504,4,2,04,2,red/max,pyr,7,30000,311.8,260.11428571428576,28.481433962933373,51.1
30,VERYLATE,230502_S1C1_02.mat,230502,1,1,02,2,red/max,pyr,5,30000,871.4000000000001,331.34000000000003,40.25079710579971,907.4000000000001
31,VERYLATE,230502_S1C2_03.mat,230502,1,2,03,2,red/max,pyr,7,30000,665.5,216.64285714285717,38.52640818713069,922.4000000000001
32,VERYLATE,230502_S1C2_03.mat,230502,1,2,03,1,red/max,pyr,7,30000,706.25,235.20000000000002,25.033187316962675,746.1
33,VERYLATE,230502_S4C1_02.mat,230502,4,1,02,1,red/max,chr2,10,30000,405.0,431.8,13.285925320491742,538.45
34,VERYLATE,230328_S3C1_04.mat,230328,3,1,04,2,red/below/half,pyr,10,30000,486.85,460.55,22.193363071733458,517.45
35,VERYLATE,230328_S3C1_04.mat,230328,3,1,04,1,red/below/half,pyr,10,30000,477.8,456.84,9.49814695101719,573.5500000000001
36,VERYLATE,230328_S3C2_02.mat,230328,3,2,02,2,red/max,pyr,6,30000,28.8,225.08333333333337,24.377647823697487,274.0
37,VERYLATE,230329_S2C1_02.mat,230329,2,1,02,1,red/half,chr2,5,30000,43.0,227.04000000000002,13.792741092678739,574.1
38,VERYLATE,230329_S2C1_02.mat,230329,2,1,02,2,red/half,pyr,6,30000,600.85,274.01666666666665,18.046700493206068,609.75
39,VERYLATE,230329_S3C1_04.mat,230329,3,1,04,1,red/max,pyr,7,30000,656.8000000000001,481.3285714285715,35.53656817235091,667.1
40,VERYLATE,230329_S3C1_04.mat,230329,3,1,04,2,red/max,pyr,7,30000,616.5,489.47142857142853,40.31152145084037,678.8000000000001
41,VERYLATE,230329_S3C2_04.mat,230329,3,2,04,1,red/max,chr2,9,30000,579.35,365.9222222222222,19.01776107473053,599.5
42,VERYLATE,230401_S1C1_03.mat,230401,1,1,03,1,red/max,chr2,9,30000,367.55,367.5,15.978833702595075,565.6
43,VERYLATE,230401_S1C1_03.mat,230401,1,1,03,2,red/max,pyr,9,30000,755.0500000000001,332.73333333333335,32.833694406398294,631.9000000000001
44,VERYLATE,230401_S1C2_02.mat,230401,1,2,02,1,red/max,chr2,5,30000,341.8,345.94000000000005,21.15043267660144,731.0
45,VERYLATE,230401_S1C2_02.mat,230401,1,2,02,2,red/max,pyr,5,30000,327.8,325.46000000000004,25.14583617708977,732.4000000000001
46,VERYLATE,230401_S4C2_02.mat,230401,4,2,02,1,red/max/12,pyr,5,30000,814.8000000000001,204.32000000000002,21.562703936288173,798.7
47,VERYLATE,230401_S4C2_02.mat,230401,4,2,02,2,red/max/12,pyr,5,30000,559.1,218.72,17.301765709795752,806.9000000000001
48,VERYLATE,230429_S1C2_02.mat,230429,1,2,02,1,red/max,chr2,7,30000,585.35,383.11428571428576,19.573751098908744,687.9000000000001
49,VERYLATE,230429_S1C2_02.mat,230429,1,2,02,2,red/max,pyr,6,30000,598.7,348.48333333333335,35.21201422725759,683.6
50,VERYLATE,230429_S3C3_02.mat,230429,3,3,02,2,red/max,pyr,16,30000,509.95000000000005,313.54375000000005,24.683416580655333,740.0
51,VERYLATE,230429_S3C3_02.mat,230429,3,3,02,1,red/max,pyr,14,30000,455.5,372.8214285714286,13.327177994933706,782.6500000000001
52,VERYLATE,230501_S2C1_02.mat,230501,2,1,02,2,red/max,pyr,17,30000,574.2,309.1352941176471,20.448685955241686,784.6
53,VERYLATE,230501_S2C2_03.mat,230501,2,2,03,1,red/max,chr2,8,30000,482.0,290.7625,10.826481856012748,384.35
54,VERYLATE,230501_S3C2_04.mat,230501,3,2,04,2,red/max,pyr,7,30000,243.3,353.3,20.008806886803683,547.1
55,VERYLATE,230502_S2C1_02.mat,230502,2,1,02,1,red/max,chr2,12,30000,341.95000000000005,365.9166666666667,11.790571260474572,654.35
56,VERYLATE,230502_S2C1_02.mat,230502,2,1,02,2,red/max,pyr,10,30000,642.9000000000001,375.39000000000004,42.696652613175544,694.5
57,VERYLATE,230502_S2C2_04.mat,230502,2,2,04,2,red/max,pyr,8,30000,359.0,385.96250000000003,31.026644670319747,850.45
58,VERYLATE,230502_S2C2_04.mat,230502,2,2,04,1,red/max,chr2,7,30000,504.3,462.65714285714284,16.39137261179077,759.5
59,VERYLATE,230502_S3C1_02.mat,230502,3,1,02,2,red/max,pyr,6,30000,288.0,358.6,19.21020089753076,282.75
60,VERYLATE,230502_S3C2_03.mat,230502,3,2,03,1,red/max,chr2,8,30000,379.90000000000003,325.65000000000003,21.21466894703086,658.0
61,VERYLATE,230502_S3C2_03.mat,230502,3,2,03,2,red/max,pyr,9,30000,512.3000000000001,266.71111111111117,33.5713382578663,858.7
62,VERYLATE,230504_S2C1_02.mat,230504,2,1,02,1,red/max,chr2,5,30000,345.45000000000005,385.26,6.620448258272866,368.5
63,VERYLATE,230504_S2C1_02.mat,230504,2,1,02,2,red/max,pyr,5,30000,332.1,343.06,15.908120917196605,387.20000000000005
64,VERYLATE,230504_S4C2_04.mat,230504,4,2,04,1,red/max,pyr,5,30000,295.8,328.36,12.76656376001899,668.7
