direction,window,model,alpha,seed,n_train,n_test,chance,acc
2025-02-20->2025-02-28,"[0,50]ms",reservoir_ridge,0.005,7,30,30,0.3333,0.3
2025-02-20->2025-02-28,"[0,50]ms",reservoir_ridge,0.005,11,30,30,0.3333,0.3667
2025-02-20->2025-02-28,"[0,50]ms",reservoir_ridge,0.005,22,30,30,0.3333,0.3333
2025-02-20->2025-02-28,"[0,50]ms",reservoir_ridge,0.01,7,30,30,0.3333,0.3
2025-02-20->2025-02-28,"[0,50]ms",reservoir_ridge,0.01,11,30,30,0.3333,0.3667
2025-02-20->2025-02-28,"[0,50]ms",reservoir_ridge,0.01,22,30,30,0.3333,0.3
2025-02-20->2025-02-28,"[0,50]ms",reservoir_ridge,0.02,7,30,30,0.3333,0.3
2025-02-20->2025-02-28,"[0,50]ms",reservoir_ridge,0.02,11,30,30,0.3333,0.3
2025-02-20->2025-02-28,"[0,50]ms",reservoir_ridge,0.02,22,30,30,0.3333,0.3333
2025-02-20->2025-02-28,"[0,50]ms",logreg,,,30,30,0.3333,0.5333
2025-02-28->2025-02-20,"[0,50]ms",reservoir_ridge,0.005,7,30,30,0.3333,0.3333
2025-02-28->2025-02-20,"[0,50]ms",reservoir_ridge,0.005,11,30,30,0.3333,0.3333
2025-02-28->2025-02-20,"[0,50]ms",reservoir_ridge,0.005,22,30,30,0.3333,0.3333
2025-02-28->2025-02-20,"[0,50]ms",reservoir_ridge,0.01,7,30,30,0.3333,0.3333
2025-02-28->2025-02-20,"[0,50]ms",reservoir_ridge,0.01,11,30,30,0.3333,0.3333
2025-02-28->2025-02-20,"[0,50]ms",reservoir_ridge,0.01,22,30,30,0.3333,0.3333
2025-02-28->2025-02-20,"[0,50]ms",reservoir_ridge,0.02,7,30,30,0.3333,0.3333
2025-02-28->2025-02-20,"[0,50]ms",reservoir_ridge,0.02,11,30,30,0.3333,0.3333
2025-02-28->2025-02-20,"[0,50]ms",reservoir_ridge,0.02,22,30,30,0.3333,0.3
2025-02-28->2025-02-20,"[0,50]ms",logreg,,,30,30,0.3333,0.3667
