analysis,window,model,day,electrode,alpha,seed,n_trials,chance,acc_mean,acc_sd,null_mean,null_sd
pooled_cv,"[0,50]ms",reservoir_ridge,all,,0.005,7,120,0.3333,0.5417,0.0527,,
pooled_cv,"[0,50]ms",reservoir_ridge,all,,0.005,11,120,0.3333,0.5167,0.0624,,
pooled_cv,"[0,50]ms",reservoir_ridge,all,,0.005,22,120,0.3333,0.6167,0.0717,,
pooled_cv,"[0,50]ms",reservoir_ridge,all,,0.01,7,120,0.3333,0.5583,0.0333,,
pooled_cv,"[0,50]ms",reservoir_ridge,all,,0.01,11,120,0.3333,0.475,0.0726,,
pooled_cv,"[0,50]ms",reservoir_ridge,all,,0.01,22,120,0.3333,0.6,0.0624,,
pooled_cv,"[0,50]ms",reservoir_ridge,all,,0.02,7,120,0.3333,0.4917,0.0486,,
pooled_cv,"[0,50]ms",reservoir_ridge,all,,0.02,11,120,0.3333,0.4333,0.0565,,
pooled_cv,"[0,50]ms",reservoir_ridge,all,,0.02,22,120,0.3333,0.5917,0.0717,,
pooled_cv,"[0,50]ms",reservoir_ridge,all,,ALL,ALL,120,0.3333,0.5361,0.0585,,
pooled_cv,"[0,50]ms",logreg,all,,,,120,0.3333,0.725,0.1007,,
perday_cv,"[0,50]ms",reservoir_ridge,2025-02-20,,0.005,7,30,0.3333,0.8,0.0667,,
perday_cv,"[0,50]ms",reservoir_ridge,2025-02-20,,0.005,11,30,0.3333,0.8,0.1247,,
perday_cv,"[0,50]ms",reservoir_ridge,2025-02-20,,0.005,22,30,0.3333,0.6667,0.1491,,
perday_cv,"[0,50]ms",reservoir_ridge,2025-02-20,,0.01,7,30,0.3333,0.7667,0.0816,,
perday_cv,"[0,50]ms",reservoir_ridge,2025-02-20,,0.01,11,30,0.3333,0.7667,0.0816,,
perday_cv,"[0,50]ms",reservoir_ridge,2025-02-20,,0.01,22,30,0.3333,0.6333,0.1247,,
perday_cv,"[0,50]ms",reservoir_ridge,2025-02-20,,0.02,7,30,0.3333,0.7667,0.0816,,
perday_cv,"[0,50]ms",reservoir_ridge,2025-02-20,,0.02,11,30,0.3333,0.7,0.0667,,
perday_cv,"[0,50]ms",reservoir_ridge,2025-02-20,,0.02,22,30,0.3333,0.6,0.1333,,
perday_cv,"[0,50]ms",reservoir_ridge,2025-02-20,,ALL,ALL,30,0.3333,0.7222,0.0703,,
perday_cv,"[0,50]ms",logreg,2025-02-20,,,,30,0.3333,0.9,0.1333,,
perday_cv,"[0,50]ms",reservoir_ridge,2025-02-21,,0.005,7,30,0.3333,0.9,0.0816,,
perday_cv,"[0,50]ms",reservoir_ridge,2025-02-21,,0.005,11,30,0.3333,0.8667,0.1247,,
perday_cv,"[0,50]ms",reservoir_ridge,2025-02-21,,0.005,22,30,0.3333,0.8333,0.1054,,
perday_cv,"[0,50]ms",reservoir_ridge,2025-02-21,,0.01,7,30,0.3333,0.9,0.0816,,
perday_cv,"[0,50]ms",reservoir_ridge,2025-02-21,,0.01,11,30,0.3333,0.7667,0.1333,,
perday_cv,"[0,50]ms",reservoir_ridge,2025-02-21,,0.01,22,30,0.3333,0.8667,0.1247,,
perday_cv,"[0,50]ms",reservoir_ridge,2025-02-21,,0.02,7,30,0.3333,0.9,0.0816,,
perday_cv,"[0,50]ms",reservoir_ridge,2025-02-21,,0.02,11,30,0.3333,0.8,0.1247,,
perday_cv,"[0,50]ms",reservoir_ridge,2025-02-21,,0.02,22,30,0.3333,0.8667,0.1247,,
perday_cv,"[0,50]ms",reservoir_ridge,2025-02-21,,ALL,ALL,30,0.3333,0.8556,0.0444,,
perday_cv,"[0,50]ms",logreg,2025-02-21,,,,30,0.3333,0.8667,0.1247,,
perday_cv,"[0,50]ms",reservoir_ridge,2025-02-28,,0.005,7,30,0.3333,0.5333,0.2211,,
perday_cv,"[0,50]ms",reservoir_ridge,2025-02-28,,0.005,11,30,0.3333,0.5,0.2582,,
perday_cv,"[0,50]ms",reservoir_ridge,2025-02-28,,0.005,22,30,0.3333,0.7,0.0667,,
perday_cv,"[0,50]ms",reservoir_ridge,2025-02-28,,0.01,7,30,0.3333,0.4667,0.2667,,
perday_cv,"[0,50]ms",reservoir_ridge,2025-02-28,,0.01,11,30,0.3333,0.5667,0.2261,,
perday_cv,"[0,50]ms",reservoir_ridge,2025-02-28,,0.01,22,30,0.3333,0.6333,0.1633,,
perday_cv,"[0,50]ms",reservoir_ridge,2025-02-28,,0.02,7,30,0.3333,0.5,0.2789,,
perday_cv,"[0,50]ms",reservoir_ridge,2025-02-28,,0.02,11,30,0.3333,0.5667,0.2261,,
perday_cv,"[0,50]ms",reservoir_ridge,2025-02-28,,0.02,22,30,0.3333,0.6,0.17,,
perday_cv,"[0,50]ms",reservoir_ridge,2025-02-28,,ALL,ALL,30,0.3333,0.563,0.0693,,
perday_cv,"[0,50]ms",logreg,2025-02-28,,,,30,0.3333,0.9,0.1333,,
perday_cv,"[0,50]ms",reservoir_ridge,2025-03-06,,0.005,7,30,0.3333,0.6,0.0816,,
perday_cv,"[0,50]ms",reservoir_ridge,2025-03-06,,0.005,11,30,0.3333,0.6667,0.1054,,
perday_cv,"[0,50]ms",reservoir_ridge,2025-03-06,,0.005,22,30,0.3333,0.6,0.0816,,
perday_cv,"[0,50]ms",reservoir_ridge,2025-03-06,,0.01,7,30,0.3333,0.5667,0.0816,,
perday_cv,"[0,50]ms",reservoir_ridge,2025-03-06,,0.01,11,30,0.3333,0.6,0.0816,,
perday_cv,"[0,50]ms",reservoir_ridge,2025-03-06,,0.01,22,30,0.3333,0.6667,0.1826,,
perday_cv,"[0,50]ms",reservoir_ridge,2025-03-06,,0.02,7,30,0.3333,0.6667,0.0,,
perday_cv,"[0,50]ms",reservoir_ridge,2025-03-06,,0.02,11,30,0.3333,0.6,0.0816,,
perday_cv,"[0,50]ms",reservoir_ridge,2025-03-06,,0.02,22,30,0.3333,0.6667,0.1054,,
perday_cv,"[0,50]ms",reservoir_ridge,2025-03-06,,ALL,ALL,30,0.3333,0.6259,0.0378,,
perday_cv,"[0,50]ms",logreg,2025-03-06,,,,30,0.3333,0.9667,0.0667,,
artifact_blanked,"[10,50]ms",reservoir_ridge,all,,0.005,7,120,0.3333,0.4667,0.0808,,
artifact_blanked,"[10,50]ms",reservoir_ridge,all,,0.005,11,120,0.3333,0.5083,0.0808,,
artifact_blanked,"[10,50]ms",reservoir_ridge,all,,0.005,22,120,0.3333,0.5833,0.0527,,
artifact_blanked,"[10,50]ms",reservoir_ridge,all,,0.01,7,120,0.3333,0.4583,0.095,,
artifact_blanked,"[10,50]ms",reservoir_ridge,all,,0.01,11,120,0.3333,0.5,0.0456,,
artifact_blanked,"[10,50]ms",reservoir_ridge,all,,0.01,22,120,0.3333,0.5833,0.0697,,
artifact_blanked,"[10,50]ms",reservoir_ridge,all,,0.02,7,120,0.3333,0.425,0.0612,,
artifact_blanked,"[10,50]ms",reservoir_ridge,all,,0.02,11,120,0.3333,0.475,0.0898,,
artifact_blanked,"[10,50]ms",reservoir_ridge,all,,0.02,22,120,0.3333,0.5833,0.0874,,
artifact_blanked,"[10,50]ms",reservoir_ridge,all,,ALL,ALL,120,0.3333,0.5092,0.057,,
artifact_blanked,"[10,50]ms",logreg,all,,,,120,0.3333,0.7,0.1099,,
baseline_null,"[-550,-500]ms",reservoir_ridge,all,,0.005,7,120,0.3333,0.3417,0.0312,,
baseline_null,"[-550,-500]ms",reservoir_ridge,all,,0.005,11,120,0.3333,0.3583,0.0425,,
baseline_null,"[-550,-500]ms",reservoir_ridge,all,,0.005,22,120,0.3333,0.3667,0.0312,,
baseline_null,"[-550,-500]ms",reservoir_ridge,all,,0.01,7,120,0.3333,0.3917,0.0565,,
baseline_null,"[-550,-500]ms",reservoir_ridge,all,,0.01,11,120,0.3333,0.3667,0.0312,,
baseline_null,"[-550,-500]ms",reservoir_ridge,all,,0.01,22,120,0.3333,0.3667,0.0312,,
baseline_null,"[-550,-500]ms",reservoir_ridge,all,,0.02,7,120,0.3333,0.3833,0.0312,,
baseline_null,"[-550,-500]ms",reservoir_ridge,all,,0.02,11,120,0.3333,0.3583,0.0333,,
baseline_null,"[-550,-500]ms",reservoir_ridge,all,,0.02,22,120,0.3333,0.3667,0.0312,,
baseline_null,"[-550,-500]ms",reservoir_ridge,all,,ALL,ALL,120,0.3333,0.3667,0.0136,,
baseline_null,"[-550,-500]ms",logreg,all,,,,120,0.3333,0.325,0.0612,,
shuffle_null,"[0,50]ms",reservoir_ridge,all,,0.01,7,120,0.3333,0.5583,0.0333,0.3367,0.0647
per_electrode,"[0,50]ms",reservoir_ridge,all,64,ALL,ALL,120,0.3333,0.3306,0.0039,,
per_electrode,"[0,50]ms",reservoir_ridge,all,65,ALL,ALL,120,0.3333,0.3333,0.0,,
per_electrode,"[0,50]ms",reservoir_ridge,all,66,ALL,ALL,120,0.3333,0.3333,0.0,,
per_electrode,"[0,50]ms",reservoir_ridge,all,67,ALL,ALL,120,0.3333,0.3333,0.0,,
per_electrode,"[0,50]ms",reservoir_ridge,all,68,ALL,ALL,120,0.3333,0.3139,0.0039,,
per_electrode,"[0,50]ms",reservoir_ridge,all,69,ALL,ALL,120,0.3333,0.3352,0.0035,,
per_electrode,"[0,50]ms",reservoir_ridge,all,70,ALL,ALL,120,0.3333,0.3333,0.0,,
per_electrode,"[0,50]ms",reservoir_ridge,all,71,ALL,ALL,120,0.3333,0.3333,0.0,,
per_electrode,"[0,50]ms",reservoir_ridge,all,72,ALL,ALL,120,0.3333,0.3426,0.0532,,
per_electrode,"[0,50]ms",reservoir_ridge,all,73,ALL,ALL,120,0.3333,0.3333,0.0,,
per_electrode,"[0,50]ms",reservoir_ridge,all,74,ALL,ALL,120,0.3333,0.3333,0.0039,,
per_electrode,"[0,50]ms",reservoir_ridge,all,75,ALL,ALL,120,0.3333,0.337,0.0057,,
per_electrode,"[0,50]ms",reservoir_ridge,all,76,ALL,ALL,120,0.3333,0.3315,0.0035,,
per_electrode,"[0,50]ms",reservoir_ridge,all,77,ALL,ALL,120,0.3333,0.3343,0.0047,,
per_electrode,"[0,50]ms",reservoir_ridge,all,78,ALL,ALL,120,0.3333,0.3259,0.0133,,
per_electrode,"[0,50]ms",reservoir_ridge,all,79,ALL,ALL,120,0.3333,0.3509,0.031,,
per_electrode,"[0,50]ms",reservoir_ridge,all,80,ALL,ALL,120,0.3333,0.3352,0.0102,,
per_electrode,"[0,50]ms",reservoir_ridge,all,81,ALL,ALL,120,0.3333,0.387,0.0448,,
per_electrode,"[0,50]ms",reservoir_ridge,all,82,ALL,ALL,120,0.3333,0.387,0.0153,,
per_electrode,"[0,50]ms",reservoir_ridge,all,83,ALL,ALL,120,0.3333,0.3713,0.062,,
per_electrode,"[0,50]ms",reservoir_ridge,all,84,ALL,ALL,120,0.3333,0.3333,0.0079,,
per_electrode,"[0,50]ms",reservoir_ridge,all,85,ALL,ALL,120,0.3333,0.3361,0.0079,,
per_electrode,"[0,50]ms",reservoir_ridge,all,86,ALL,ALL,120,0.3333,0.3444,0.0147,,
per_electrode,"[0,50]ms",reservoir_ridge,all,87,ALL,ALL,120,0.3333,0.3287,0.0105,,
per_electrode,"[0,50]ms",reservoir_ridge,all,88,ALL,ALL,120,0.3333,0.3435,0.0251,,
per_electrode,"[0,50]ms",reservoir_ridge,all,89,ALL,ALL,120,0.3333,0.3269,0.0035,,
per_electrode,"[0,50]ms",reservoir_ridge,all,90,ALL,ALL,120,0.3333,0.3278,0.0096,,
per_electrode,"[0,50]ms",reservoir_ridge,all,91,ALL,ALL,120,0.3333,0.3315,0.0052,,
per_electrode,"[0,50]ms",reservoir_ridge,all,92,ALL,ALL,120,0.3333,0.3417,0.0124,,
per_electrode,"[0,50]ms",reservoir_ridge,all,93,ALL,ALL,120,0.3333,0.325,0.0,,
per_electrode,"[0,50]ms",reservoir_ridge,all,94,ALL,ALL,120,0.3333,0.3343,0.0173,,
per_electrode,"[0,50]ms",reservoir_ridge,all,95,ALL,ALL,120,0.3333,0.3722,0.0039,,
