measurement,variant,protocol,n,observed,obs_std,null_mean,null_p95,null_min,null_max,p_value,chance,notes
evoked_ratio,"post[0,50]ms_vs_base[-500,-50]ms",P1,360765,4.1667,,1.0028,1.0282,0.9487,1.0351,0.0476,1.0,"honest null: ISIs permuted within (day,electrode); protocol labels kept"
evoked_ratio,"post[0,50]ms_vs_base[-500,-50]ms",P2,103458,2.7316,,1.0081,1.0517,0.9463,1.0892,0.0476,1.0,"honest null: ISIs permuted within (day,electrode); protocol labels kept"
evoked_ratio,"post[0,50]ms_vs_base[-500,-50]ms",P3,69544,4.5592,,1.0003,1.0462,0.9424,1.0604,0.0476,1.0,"honest null: ISIs permuted within (day,electrode); protocol labels kept"
decode_lr,"[0,50]ms",P1/P2/P3,18000,0.4348,0.0044,0.3325,0.3374,0.3279,0.3381,0.0476,0.3333,5-fold CV; 20-rep label-shuffle null
decode_lr,"[10,50]ms_blanked",P1/P2/P3,18000,0.4019,0.004,0.333,0.3382,0.3281,0.3384,0.0476,0.3333,5-fold CV; 20-rep label-shuffle null
decode_reservoir_alpha0.005,"[0,50]ms",P1/P2/P3,18000,0.4039,0.0006,0.3336,0.3361,0.3296,0.3363,0.0476,0.3333,"5-fold CV; seeds [7, 11, 22] accs=[np.float64(0.404), np.float64(0.404), np.float64(0.403)]; 20-rep label-shuffle null at seed 7"
decode_reservoir_alpha0.01,"[0,50]ms",P1/P2/P3,18000,0.4043,0.0003,0.3337,0.336,0.3299,0.3367,0.0476,0.3333,"5-fold CV; seeds [7, 11, 22] accs=[np.float64(0.404), np.float64(0.405), np.float64(0.404)]; 20-rep label-shuffle null at seed 7"
decode_reservoir_alpha0.02,"[0,50]ms",P1/P2/P3,18000,0.4071,0.001,0.3334,0.3356,0.3294,0.3362,0.0476,0.3333,"5-fold CV; seeds [7, 11, 22] accs=[np.float64(0.406), np.float64(0.407), np.float64(0.408)]; 20-rep label-shuffle null at seed 7"
decode_reservoir_alpha0.005,"[10,50]ms_blanked",P1/P2/P3,18000,0.3769,0.0003,0.3338,0.3367,0.3303,0.337,0.0476,0.3333,"5-fold CV; seeds [7, 11, 22] accs=[np.float64(0.376), np.float64(0.377), np.float64(0.377)]; 20-rep label-shuffle null at seed 7"
decode_reservoir_alpha0.01,"[10,50]ms_blanked",P1/P2/P3,18000,0.3772,0.0,0.3338,0.3364,0.3304,0.337,0.0476,0.3333,"5-fold CV; seeds [7, 11, 22] accs=[np.float64(0.377), np.float64(0.377), np.float64(0.377)]; 20-rep label-shuffle null at seed 7"
decode_reservoir_alpha0.02,"[10,50]ms_blanked",P1/P2/P3,18000,0.3773,0.0002,0.3337,0.3362,0.3306,0.3369,0.0476,0.3333,"5-fold CV; seeds [7, 11, 22] accs=[np.float64(0.377), np.float64(0.377), np.float64(0.378)]; 20-rep label-shuffle null at seed 7"
