measurement,train_period,test_period,classes,n_train,n_test,observed,obs_std,null_mean,null_p95,p_value,chance,notes
transfer_forward_lr,June7-8,June9,P2/P3,10000,10000,0.162,0.0,0.4209,0.8883,0.619,0.5,"test set = June-9 P2 only: observed = P2 recall. frac predicted class-0: obs=0.162, null_mean=0.421; 20-rep train-label-shuffle null"
transfer_forward_reservoir_alpha0.005,June7-8,June9,P2/P3,10000,10000,0.8598,0.0,0.8811,0.9355,0.7143,0.5,"test set = June-9 P2 only: observed = P2 recall. frac predicted class-0: obs=0.860, null_mean=0.881; test near-zero-state frac=0.780; 20-rep train-label-shuffle null"
transfer_forward_reservoir_alpha0.01,June7-8,June9,P2/P3,10000,10000,0.8698,0.0031,0.8828,0.936,0.619,0.5,"test set = June-9 P2 only: observed = P2 recall. frac predicted class-0: obs=0.870, null_mean=0.883; test near-zero-state frac=0.780; 20-rep train-label-shuffle null"
transfer_forward_reservoir_alpha0.02,June7-8,June9,P2/P3,10000,10000,0.893,0.0017,0.8874,0.9306,0.5238,0.5,"test set = June-9 P2 only: observed = P2 recall. frac predicted class-0: obs=0.893, null_mean=0.887; test near-zero-state frac=0.780; 20-rep train-label-shuffle null"
transfer_forward_indist_lr,June7-8,June8-heldout,P2/P3,10000,2582,0.1944,0.0,0.4237,0.8987,0.4762,0.5,"in-distribution reference: held-out June-8 P2 recall. frac predicted class-0: obs=0.194, null_mean=0.424; 20-rep train-label-shuffle null"
transfer_forward_indist_reservoir_alpha0.005,June7-8,June8-heldout,P2/P3,10000,2582,0.8888,0.0,0.8848,0.9467,0.5714,0.5,"in-distribution reference: held-out June-8 P2 recall. frac predicted class-0: obs=0.889, null_mean=0.885; test near-zero-state frac=0.780; 20-rep train-label-shuffle null"
transfer_forward_indist_reservoir_alpha0.01,June7-8,June8-heldout,P2/P3,10000,2582,0.9118,0.0053,0.8888,0.9476,0.4286,0.5,"in-distribution reference: held-out June-8 P2 recall. frac predicted class-0: obs=0.912, null_mean=0.889; test near-zero-state frac=0.780; 20-rep train-label-shuffle null"
transfer_forward_indist_reservoir_alpha0.02,June7-8,June8-heldout,P2/P3,10000,2582,0.9468,0.0015,0.8923,0.9545,0.1429,0.5,"in-distribution reference: held-out June-8 P2 recall. frac predicted class-0: obs=0.947, null_mean=0.892; test near-zero-state frac=0.780; 20-rep train-label-shuffle null"
transfer_reverse_lr,June9,June7-8,P1/P2,20000,5000,1.0,0.0,0.5267,0.8987,0.0476,0.5,"test set = June7-8 P2 only: observed = P2 recall. frac predicted class-0: obs=0.000, null_mean=0.473; 20-rep train-label-shuffle null"
transfer_reverse_reservoir_alpha0.005,June9,June7-8,P1/P2,20000,5000,0.2312,0.0,0.1035,0.2069,0.0476,0.5,"test set = June7-8 P2 only: observed = P2 recall. frac predicted class-0: obs=0.769, null_mean=0.897; test near-zero-state frac=0.769; 20-rep train-label-shuffle null"
transfer_reverse_reservoir_alpha0.01,June9,June7-8,P1/P2,20000,5000,0.2312,0.0,0.1006,0.2087,0.0476,0.5,"test set = June7-8 P2 only: observed = P2 recall. frac predicted class-0: obs=0.769, null_mean=0.899; test near-zero-state frac=0.769; 20-rep train-label-shuffle null"
transfer_reverse_reservoir_alpha0.02,June9,June7-8,P1/P2,20000,5000,0.2312,0.0,0.1017,0.1896,0.0476,0.5,"test set = June7-8 P2 only: observed = P2 recall. frac predicted class-0: obs=0.769, null_mean=0.898; test near-zero-state frac=0.769; 20-rep train-label-shuffle null"
transfer_reverse_indist_lr,June9,June9-heldout,P1/P2,20000,10000,1.0,0.0,0.5347,0.9046,0.0476,0.5,"in-distribution reference: held-out June-9 P2 recall. frac predicted class-0: obs=0.000, null_mean=0.465; 20-rep train-label-shuffle null"
transfer_reverse_indist_reservoir_alpha0.005,June9,June9-heldout,P1/P2,20000,10000,0.2069,0.0,0.0991,0.157,0.0476,0.5,"in-distribution reference: held-out June-9 P2 recall. frac predicted class-0: obs=0.793, null_mean=0.901; test near-zero-state frac=0.793; 20-rep train-label-shuffle null"
transfer_reverse_indist_reservoir_alpha0.01,June9,June9-heldout,P1/P2,20000,10000,0.2069,0.0,0.0984,0.1688,0.0476,0.5,"in-distribution reference: held-out June-9 P2 recall. frac predicted class-0: obs=0.793, null_mean=0.902; test near-zero-state frac=0.793; 20-rep train-label-shuffle null"
transfer_reverse_indist_reservoir_alpha0.02,June9,June9-heldout,P1/P2,20000,10000,0.2069,0.0,0.0973,0.1728,0.0476,0.5,"in-distribution reference: held-out June-9 P2 recall. frac predicted class-0: obs=0.793, null_mean=0.903; test near-zero-state frac=0.793; 20-rep train-label-shuffle null"
transfer_reverse_diag_lr,June9,June9-heldout,P1/P2,20000,5000,0.2774,0.0,,,,0.5,P1 recall on held-out June-9 P1 (degeneracy check for the 1.000 P2 recall); train 5-fold CV acc=0.639+/-0.002
transfer_forward_diag_lr,June7-8,June7-8-heldout,P2/P3,10000,5000,0.9086,0.0,,,,0.5,P3 recall on held-out June7-8 P3; train 5-fold CV acc=0.555+/-0.005
dayid_baseline_lr,06-07/06-08/06-09 CV,06-07/06-08/06-09 CV,day(06-07/06-08/06-09),18000,18000,0.5106,0.0047,0.3327,0.3374,0.0476,0.3333,"5-fold CV on baseline [-500,-50]ms 32-count vectors; 20-rep label-shuffle null"
dayid_baseline_reservoir_alpha0.005,06-07/06-08/06-09 CV,06-07/06-08/06-09 CV,day(06-07/06-08/06-09),18000,18000,0.4353,0.0003,0.3333,0.3367,0.0476,0.3333,"5-fold CV on [0,50]ms trial series; 20-rep label-shuffle null at seed 7"
dayid_baseline_reservoir_alpha0.01,06-07/06-08/06-09 CV,06-07/06-08/06-09 CV,day(06-07/06-08/06-09),18000,18000,0.4362,0.0008,0.3333,0.3365,0.0476,0.3333,"5-fold CV on [0,50]ms trial series; 20-rep label-shuffle null at seed 7"
dayid_baseline_reservoir_alpha0.02,06-07/06-08/06-09 CV,06-07/06-08/06-09 CV,day(06-07/06-08/06-09),18000,18000,0.4395,0.001,0.3334,0.3376,0.0476,0.3333,"5-fold CV on [0,50]ms trial series; 20-rep label-shuffle null at seed 7"
